instance_no,result,iv_time_max,iv_time_ave,iv_time_sum,iv_memory_max,iv_memory_ave,ie_time_max,ie_time_ave,ie_time_sum,ie_memory_max,ie_mamory_ave,IS_time,IS_size,zdd_size_max,zdd_size_ave,zdd_is_num_max,zdd_is_num_ave,reconf_time_max,reconf_time_ave,Reconf_time,reconf_step,z_sol_num,z_sol_zdd
0,solved,1.3589859008789062e-05,8.20159912109375e-06,0.0002460479736328125,248949006336,248949006336.0,0.00038361549377441406,4.178285598754883e-05,0.004178285598754883,248949522432,248949161164.8,0.004424333572387695,83039,14,14.0,1,1.0,0.022,0.022,0.022,1,83039,940
1,solved,1.3113021850585938e-05,8.225440979003906e-06,0.0002467632293701172,248948539392,248948539392.0,0.00035309791564941406,3.355264663696289e-05,0.003355264663696289,248949084160,248948703682.56,0.0036020278930664062,83039,32,27.333333333333332,3,2.6666666666666665,0.067,0.04666666666666667,0.14,3,83039,1055
12,solved,2.2649765014648438e-05,1.2328991523155799e-05,0.0006411075592041016,248981159936,248981159936.0,0.011866331100463867,0.0012481058414895736,0.2508692741394043,249006776320,248988929905.35324,0.2515103816986084,209515460,0,0.0,0,0.0,0.062,0.062,0.062,1,209515460,47918
120,solved,0.0005128383636474609,3.411248326301575e-05,0.004366397857666016,248948305920,248947176960.0,0.6176583766937256,0.008290905338614735,26.663551568984985,250506235904,249483851067.8607,26.66791796684265,2500822,397,216.66666666666666,502,235.66666666666666,6.64,2.7256666666666667,8.177,3,2500822,54627
121,solved,0.0006163120269775391,3.538280725479126e-05,0.004528999328613281,248950599680,248949809408.0,0.6514501571655273,0.013581281055265399,43.67739987373352,250608971776,249722155058.94528,43.681928873062134,2500822,10589,4032.6,40249,13393.8,407.803,116.3312,581.656,5,2500822,64323
122,solved,0.0007219314575195312,3.662705421447754e-05,0.004688262939453125,248952168448,248951378176.0,0.07410526275634766,0.0005037210316968083,2.6183419227600098,249155489792,249046186214.88266,2.623030185699463,14030,20,19.0,5,5.0,0.332,0.21500000000000002,0.43000000000000005,2,14030,2800
123,solved,0.0006392002105712891,3.7223100662231445e-05,0.004764556884765625,248957964288,248957174016.0,0.07332015037536621,0.00053798978078269,2.796470880508423,249167507456,249066238855.0427,2.8012354373931885,14030,246,151.66666666666666,605,273.3333333333333,13.05,4.9510000000000005,14.853000000000002,3,14030,2484
124,unsolved,0.0006167888641357422,3.564916551113129e-05,0.004563093185424805,248958849024,248957703936.0,6.434581995010376,0.332347540502195,179.4676718711853,261633933312,250462405844.3852,179.47223496437073,0,0,-0.0,0,-0.0,0,-0.0,0,-1,0,0
125,unsolved,0.0006449222564697266,3.75211238861084e-05,0.004802703857421875,248943726592,248942557312.0,30.9772846698761,1.2016829967498779,931.3043224811554,299095277568,256736530120.17548,931.3091251850128,0,0,-0.0,0,-0.0,0,-0.0,0,-1,0,0
126,solved,0.0006525516510009766,3.725290298461914e-05,0.00476837158203125,248945950720,248944700800.0,5.220654249191284,0.1326756109516597,280.34356594085693,261774479360,253488474591.77283,280.34833431243896,245547105,320,155.75,317,110.25,3.96,1.55725,6.229,4,245547105,795542
127,solved,0.0007009506225585938,3.718025982379913e-05,0.004759073257446289,248947396608,248946606336.0,5.487998962402344,0.16340189548786704,345.26820516586304,261680091136,253386034994.52155,345.2729642391205,245547105,242,109.83333333333333,242,96.83333333333333,9.005,3.7586666666666666,22.552,6,245547105,1026768
128,unsolved,0.0003662109375,2.6199817657470703e-05,0.0026199817657470703,248949047296,248948629258.24,82.79370880126953,3.241752847035726,389.0103416442871,274933993472,250550077747.2,389.01296162605286,0,0,-0.0,0,-0.0,0,-0.0,0,-1,0,0
129,unsolved,0.00035452842712402344,2.5997161865234376e-05,0.0025997161865234375,248950706176,248950288138.24,74.72412109375,2.602999544143677,312.3599452972412,273569669120,250107066572.8,312.36254501342773,0,0,-0.0,0,-0.0,0,-0.0,0,-1,0,0
13,solved,2.3126602172851562e-05,1.2251046987680289e-05,0.000637054443359375,248981188608,248981188608.0,0.021294593811035156,0.002229926598012744,0.4482152462005615,249031094272,248992873843.9005,0.4488523006439209,209515460,0,0.0,0,0.0,0.161,0.161,0.161,1,209515460,66558
130,unsolved,0.00034332275390625,2.5467872619628905e-05,0.0025467872619628906,248959377408,248958959370.24,21.379703521728516,1.62733007868131,195.2796094417572,262015795200,250135832644.26666,195.28215622901917,0,0,-0.0,0,-0.0,0,-0.0,0,-1,0,0
131,unsolved,0.00033545494079589844,2.5544166564941406e-05,0.0025544166564941406,248957460480,248957042442.24,6.472853899002075,0.46045628515612175,54.79429793357849,252247351296,249276620868.84033,54.796852350234985,0,0,-0.0,0,-0.0,0,-0.0,0,-1,0,0
132,unsolved,0.0003414154052734375,2.3015520789406516e-05,0.0020253658294677734,248960565248,248959796968.72726,77.08495497703552,6.039907656217876,803.3077182769775,299109539840,254281901941.41354,803.309743642807,0,0,-0.0,0,-0.0,0,-0.0,0,-1,0,0
133,unsolved,0.0003421306610107422,2.2980299862948332e-05,0.002022266387939453,248961372160,248961014411.63635,108.69143676757812,8.294260048328486,1103.1365864276886,346184019968,257702949295.1579,1103.1386086940765,0,0,-0.0,0,-0.0,0,-0.0,0,-1,0,0
135,unsolved,0.00034308433532714844,2.3029067299582742e-05,0.0020265579223632812,248967249920,248966774877.0909,54.971197843551636,3.8281461206593907,509.143434047699,297467416576,252476884945.8045,509.14546060562134,0,5407445,1105773.7777777778,46731906,7739433.0,285279.0,44997.733888888884,404979.605,9,549755813887,271371222
136,solved,6.4373016357421875e-06,5.158511075106534e-06,5.6743621826171875e-05,248966127616,248966127616.0,2.6226043701171875e-05,7.808208465576172e-06,0.00015616416931152344,248966127616,248966127616.0,0.0002129077911376953,103,17,12.5,5,3.5,0.011,0.009,0.018,2,103,38
137,solved,7.867813110351562e-06,5.071813409978693e-06,5.5789947509765625e-05,248965885952,248965885952.0,9.775161743164062e-06,6.29425048828125e-06,0.000125885009765625,248965885952,248965885952.0,0.00018167495727539062,103,14,10.0,5,3.25,0.015,0.01025,0.041,4,103,37
138,solved,1.1444091796875e-05,6.965968919836956e-06,0.00016021728515625,248966279168,248966279168.0,4.887580871582031e-05,1.6366931754098812e-05,0.0011620521545410156,248966279168,248966279168.0,0.0013222694396972656,7407,0,0.0,0,0.0,0.016,0.016,0.016,1,7407,400
139,solved,1.1920928955078125e-05,6.9245048191236416e-06,0.00015926361083984375,248966066176,248966066176.0,4.458427429199219e-05,1.5769206302266724e-05,0.0011196136474609375,248966606848,248966142326.9859,0.0012788772583007812,7407,0,0.0,0,0.0,0.017,0.017,0.017,1,7407,294
14,unsolved,0.0011746883392333984,5.852388885785948e-05,0.012407064437866211,248985878528,248984156333.88678,4.478804588317871,0.26493385414326537,119.48516821861267,255402745856,250075101869.694,119.49757528305054,0,0,-0.0,0,-0.0,0,-0.0,0,-1,0,0
140,solved,2.09808349609375e-05,1.1200600482047872e-05,0.00052642822265625,248966979584,248966979584.0,0.0028433799743652344,0.00016602318165665966,0.03918147087097168,248972656640,248968665643.38983,0.03970789909362793,39473983,0,0.0,0,0.0,0.045,0.045,0.045,1,39473983,6287
141,solved,2.1457672119140625e-05,1.1190455010596742e-05,0.0005259513854980469,248967331840,248967331840.0,0.0024895668029785156,0.00018509969872943427,0.043683528900146484,248973213696,248969004570.0339,0.04420948028564453,39473983,0,0.0,0,0.0,0.044,0.044,0.044,1,39473983,7499
142,solved,0.00029850006103515625,2.4040121781198604e-05,0.002283811569213867,248967397376,248966957336.25262,0.7874965667724609,0.03087830701411165,23.313121795654297,250509045760,249174894545.88608,23.31540560722351,1079054920080607,0,0.0,0,0.0,0.365,0.365,0.365,1,549755813887,1833480
143,solved,0.00034236907958984375,2.467506810238487e-05,0.0023441314697265625,248972619776,248972172492.8,0.45743417739868164,0.0170242748513127,12.853327512741089,249763897344,249141626356.47153,12.855671644210815,1079054920080607,0,0.0,0,0.0,0.367,0.367,0.367,1,549755813887,1655151
144,unsolved,0.0011854171752929688,5.493863090794748e-05,0.010493278503417969,248978808832,248976728235.5602,23.340951919555664,0.9356763343266975,1705.7379574775696,301343776768,255521821995.3922,1705.748450756073,0,0,-0.0,0,-0.0,0,-0.0,0,-1,0,0
145,unsolved,0.0013527870178222656,5.5057216065092235e-05,0.010515928268432617,248977387520,248975555364.18848,32.665000200271606,0.7957577622808422,1447.483369588852,301563985920,254734049550.21442,1447.4938855171204,0,0,-0.0,0,-0.0,0,-0.0,0,-1,0,0
15,unsolved,0.0011777877807617188,5.825623026433981e-05,0.012350320816040039,248986320896,248984364437.73584,8.43701171875,0.39950282489303995,180.57527685165405,261530071040,250498153598.86725,180.5876271724701,0,0,-0.0,0,-0.0,0,-0.0,0,-1,0,0
154,solved,0.0003390312194824219,2.5653839111328124e-05,0.0025653839111328125,248984211456,248983793418.24,2.9190869331359863,0.10872670209326711,159.82825207710266,255400431616,251551048320.87076,159.8308174610138,7535369,14974,3230.5,4392,874.4166666666666,497.394,100.24966666666667,1202.996,12,7535369,752317
155,solved,0.0003364086151123047,2.5713443756103514e-05,0.0025713443756103516,248987455488,248987037450.24,3.143702745437622,0.09149867125919887,134.50304675102234,255157788672,251034412936.18503,134.50561809539795,7535369,10135,2219.6363636363635,2776,575.9090909090909,282.798,55.862909090909085,614.492,11,7535369,739854
156,solved,0.0006058216094970703,3.4150998454448606e-05,0.004132270812988281,248989454336,248988618345.78513,25.808613061904907,0.8279406384988265,1639.3224642276764,299479937024,260700842650.11716,1639.3265964984894,66807234,0,0.0,0,0.0,0.265,0.265,0.265,1,66807234,4933364
157,solved,0.0006086826324462891,3.430666017138268e-05,0.004151105880737305,248987578368,248986251873.32233,23.6211998462677,0.6891360893394007,1364.4894568920135,298773901312,261104960996.07272,1364.4936079978943,66807234,3476,901.375,705,172.875,66.728,16.11975,128.958,8,66807234,4827369
158,unsolved,0.0006124973297119141,3.8130415810479055e-05,0.005490779876708984,248987820032,248986816512.0,46.2112181186676,0.9890715201365997,1191.8311817646027,347318935552,260898471300.3552,1191.8366725444794,0,0,-0.0,0,-0.0,0,-0.0,0,-1,0,0
159,unsolved,0.0006198883056640625,3.795325756072998e-05,0.005465269088745117,248992878592,248991799808.0,44.312849283218384,1.0392779496385265,1736.6334538459778,348204011520,269576043975.31537,1736.6389191150665,0,0,-0.0,0,-0.0,0,-0.0,0,-1,0,0
160,unsolved,0.0011730194091796875,4.929762620192308e-05,0.008331298828125,248997179392,248994922617.18344,37.94685983657837,0.8600532061340289,1210.0948610305786,348111777792,262714081381.89053,1210.1031923294067,0,0,-0.0,0,-0.0,0,-0.0,0,-1,0,0
161,unsolved,0.001374959945678711,5.273565032778407e-05,0.008912324905395508,249060208640,249058263355.07693,47.07406949996948,0.8029169175416205,945.0332119464874,346270322688,258325725103.95923,945.0421242713928,0,0,-0.0,0,-0.0,0,-0.0,0,-1,0,0
162,unsolved,0.0013070106506347656,5.509780377757793e-05,0.010799169540405273,249062064128,249060197229.7143,22.299651384353638,0.5306863396423763,726.5095989704132,300405149696,257797753784.94083,726.5203981399536,0,0,-0.0,0,-0.0,0,-0.0,0,-1,0,0
163,unsolved,0.001207113265991211,5.570114875326351e-05,0.010917425155639648,249066057728,249064245833.14285,21.297324895858765,0.5203720976605869,596.8667960166931,299466932224,256329048578.2319,596.8777134418488,0,0,-0.0,0,-0.0,0,-0.0,0,-1,0,0
164,unsolved,0.0011713504791259766,6.0813691880967885e-05,0.013683080673217773,249069498368,249067767216.35556,42.06375432014465,1.276423096444305,1432.1467142105103,351996096512,264847549609.754,1432.1603972911835,0,0,-0.0,0,-0.0,0,-0.0,0,-1,0,0
165,unsolved,0.0012145042419433594,6.20714823404948e-05,0.013966083526611328,249076150272,249074246960.92444,48.304420709609985,1.3447603221012208,1502.0972797870636,354439413760,262473554336.20053,1502.1112458705902,0,0,-0.0,0,-0.0,0,-0.0,0,-1,0,0
166,unsolved,0.0022919178009033203,7.552560418844223e-05,0.01933455467224121,249083326464,249079202400.0,110.69221019744873,1.64189322936139,1779.8122606277466,445038714880,262415376682.50922,1779.8315951824188,0,0,-0.0,0,-0.0,0,-0.0,0,-1,0,0
167,unsolved,0.0021736621856689453,7.699988782405853e-05,0.019711971282958984,249091117056,249086807184.0,23.14469075202942,0.5193116534276483,559.2986507415771,300080869376,254869009794.97122,559.3183627128601,0,0,-0.0,0,-0.0,0,-0.0,0,-1,0,0
168,solved,1.1920928955078125e-05,7.266998291015625e-06,0.00018167495727539062,249083682816,249083682816.0,3.838539123535156e-05,1.3093650341033936e-05,0.0020949840545654297,249083682816,249083682816.0,0.0022766590118408203,462,22,10.428571428571429,8,3.4285714285714284,0.091,0.039142857142857146,0.274,7,462,202
169,solved,1.239776611328125e-05,7.3909759521484375e-06,0.00018477439880371094,249083740160,249083740160.0,3.6716461181640625e-05,1.4844536781311036e-05,0.0023751258850097656,249083740160,249083740160.0,0.0025599002838134766,462,23,11.285714285714286,8,3.4285714285714284,0.071,0.03957142857142857,0.27699999999999997,7,462,196
170,solved,1.4781951904296875e-05,9.344683753119574e-06,0.0003364086151123047,249083871232,249083859285.33334,0.0011403560638427734,5.522349785114157e-05,0.016014814376831055,249086709760,249085101656.27585,0.01635122299194336,2635,101,59.666666666666664,33,19.22222222222222,0.688,0.30899999999999994,2.7809999999999997,9,2635,847
171,solved,1.811981201171875e-05,9.463893042670356e-06,0.0003407001495361328,249084674048,249084674048.0,0.0012145042419433594,6.475941888217269e-05,0.018780231475830078,249087254528,249085684884.30344,0.01912093162536621,2635,92,59.333333333333336,29,17.333333333333332,0.563,0.2893333333333334,3.4720000000000004,12,2635,868
172,solved,2.3126602172851562e-05,1.1954988752092635e-05,0.0005857944488525391,249083498496,249083498496.0,0.005711793899536133,0.00025739239043548327,0.12251877784729004,249096212480,249088268193.34454,0.12310457229614258,16870,379,128.07692307692307,117,37.23076923076923,10.383,1.4256923076923076,18.534,13,16870,4073
173,solved,2.3365020751953125e-05,1.1760361340581154e-05,0.0005762577056884766,249083441152,249083441152.0,0.007831096649169922,0.0003699660301208496,0.17610383033752441,249109422080,249094830510.2521,0.1766800880432129,16870,7,4.333333333333333,2,1.0,0.045,0.032,0.096,3,16870,4065
174,solved,0.0003218650817871094,2.53791610399882e-05,0.002436399459838867,249085456384,249085020928.0,4.8081042766571045,0.1376132071018219,188.25486731529236,261336268800,253396288742.5497,188.2573037147522,4558093,80150,21664.8,55294,13713.3,5877.98,1213.2982,12132.982,10,4558093,488500
175,solved,0.00036072731018066406,2.5625030199686687e-05,0.002460002899169922,249088409600,249087974144.0,5.296967506408691,0.1398907540834438,191.37055158615112,261436841984,254367341915.32162,191.3730115890503,4558093,295861,77126.625,428344,102913.5,31250.6,5692.39325,45539.146,8,4558093,461574
176,solved,2.6226043701171875e-05,1.4893710613250732e-05,0.0009531974792480469,249086652416,249086273408.0,0.049361228942871094,0.001565481280232524,1.1396703720092773,249188630528,249119972672.7033,1.1406235694885254,118969,941,282.6666666666667,272,74.44444444444444,12.009,2.5543333333333336,22.989,9,118969,21923
177,solved,3.600120544433594e-05,1.5158206224441528e-05,0.0009701251983642578,249087676416,249087676416.0,0.04338979721069336,0.001495987831891238,1.0890791416168213,249183068160,249117338061.36264,1.0900492668151855,118969,7,4.666666666666667,1,0.6666666666666666,0.062,0.050333333333333334,0.151,3,118969,22011
178,solved,4.267692565917969e-05,1.8334683076834975e-05,0.0014851093292236328,249086676992,249086676992.0,0.7176907062530518,0.02279594698638627,24.0725200176239,250639192064,249573301783.27274,24.074005126953125,915442,1266,290.3,314,67.5,15.551,3.5888999999999998,35.888999999999996,10,915442,120945
179,solved,3.1948089599609375e-05,1.7781316498179496e-05,0.001440286636352539,249088884736,249088515185.77777,0.4022541046142578,0.016484975363268997,17.40813398361206,249911889920,249380720740.84848,17.409574270248413,915442,417,141.0,109,35.666666666666664,4.17,1.352,8.112,6,915442,119656
18,solved,1.5497207641601562e-05,9.57540563634924e-06,0.0003542900085449219,248976994304,248976994304.0,0.0007436275482177734,0.00013996826277838813,0.010077714920043945,248978599936,248977545443.55554,0.010432004928588867,6031508,0,0.0,0,0.0,0.028,0.028,0.028,1,6031508,7139
19,solved,1.621246337890625e-05,9.936255377692146e-06,0.0003676414489746094,248976850944,248976850944.0,0.002160310745239258,0.00034979979197184247,0.025185585021972656,248979910656,248977620081.77777,0.025553226470947266,6031508,105,57.888888888888886,9,4.888888888888889,0.415,0.14344444444444443,1.291,9,6031508,16575
2,solved,0.00026488304138183594,2.3290675173523605e-05,0.0021660327911376953,248949665792,248949202415.48386,3.7845606803894043,0.2238443661701016,132.73970913887024,255119601664,249995550257.21417,132.74187517166138,343142930930159,45,45.0,1,1.0,0.394,0.394,0.394,1,549755813887,3541225
20,unsolved,0.000507354736328125,3.826378175876284e-05,0.005701303482055664,248979021824,248978342932.61746,0.0023403167724609375,0.00018331498810739228,0.01209878921508789,248983326720,248980202775.27274,0.017800092697143555,0,0,-0.0,0,-0.0,0,-0.0,0,-1,0,0
202,solved,1.0013580322265625e-05,6.4373016357421875e-06,0.000102996826171875,249090322432,249090322432.0,2.574920654296875e-05,1.0907649993896484e-05,0.0002617835998535156,249090322432,249090322432.0,0.0003647804260253906,1234,7,4.666666666666667,1,0.6666666666666666,0.014,0.010333333333333333,0.031,3,1234,96
203,solved,8.58306884765625e-06,6.16908073425293e-06,9.870529174804688e-05,249090179072,249090179072.0,2.2411346435546875e-05,1.1642773946126303e-05,0.00027942657470703125,249090179072,249090179072.0,0.0003781318664550781,1234,0,0.0,0,0.0,0.009,0.009,0.009,1,1234,159
204,solved,8.821487426757812e-06,6.213784217834473e-06,9.942054748535156e-05,249088536576,249088525824.0,2.6226043701171875e-05,1.205007235209147e-05,0.0002892017364501953,249088536576,249088536576.0,0.0003886222839355469,1234,54,32.125,20,9.25,0.084,0.0425,0.34,8,1234,138
205,solved,8.58306884765625e-06,6.124377250671387e-06,9.799003601074219e-05,249088761856,249088761856.0,2.4080276489257812e-05,1.1245409647623697e-05,0.00026988983154296875,249088761856,249088761856.0,0.00036787986755371094,1234,14,8.0,3,1.6,0.016,0.011600000000000003,0.05800000000000001,5,1234,146
206,solved,8.344650268554688e-06,6.020069122314453e-06,9.632110595703125e-05,249087672320,249087672320.0,2.6941299438476562e-05,1.1225541432698568e-05,0.0002694129943847656,249087672320,249087672320.0,0.0003657341003417969,1234,0,0.0,0,0.0,0.013,0.013,0.013,1,1234,128
207,unsolved,0.0003268718719482422,2.6602745056152343e-05,0.0026602745056152344,249088180224,249087762186.24,5.432021617889404,0.3704687567318187,44.085782051086426,252252327936,249423911411.09244,44.08844232559204,0,0,-0.0,0,-0.0,0,-0.0,0,-1,0,0
208,unsolved,0.0003414154052734375,2.6514530181884764e-05,0.0026514530181884766,249086595072,249086177034.24,15.684852361679077,1.1098909159501393,133.18690991401672,261290577920,249720170700.8,133.1895613670349,0,0,-0.0,0,-0.0,0,-0.0,0,-1,0,0
209,unsolved,0.00034928321838378906,2.6733875274658202e-05,0.0026733875274658203,249086287872,249085869834.24,11.702559232711792,0.9084520059473374,108.10578870773315,255607025664,250004102789.37814,108.10846209526062,0,0,-0.0,0,-0.0,0,-0.0,0,-1,0,0
21,unsolved,0.0006520748138427734,3.989270869517486e-05,0.005944013595581055,248982200320,248981015723.81207,0.002126932144165039,0.00026426030628716766,0.017705440521240234,248986333184,248983579938.38806,0.02364945411682129,0,0,-0.0,0,-0.0,0,-0.0,0,-1,0,0
210,unsolved,0.00035119056701660156,2.6600360870361326e-05,0.002660036087036133,249090801664,249090383626.24,2.827807664871216,0.2564841999727137,30.52161979675293,250729046016,249322429431.39496,30.524279832839966,0,0,-0.0,0,-0.0,0,-0.0,0,-1,0,0
24,solved,3.457069396972656e-05,1.7935037612915038e-05,0.0014348030090332031,248980467712,248980467712.0,4.826321840286255,0.34545681449030174,119.52805781364441,255265611776,250031596739.32947,119.52949261665344,4560332427351,96,83.5,4,3.5,0.448,0.3695,0.739,2,549755813887,8409565
25,solved,3.147125244140625e-05,1.7711520195007323e-05,0.001416921615600586,248981065728,248981063577.6,5.52721905708313,0.29146478561996725,100.84681582450867,255121350656,249950184086.9364,100.84823274612427,4560332427351,80,51.4,4,2.2,0.452,0.331,1.655,5,549755813887,8145007
251,solved,1.049041748046875e-05,7.039024716331846e-06,0.00014781951904296875,249102778368,249102778368.0,5.412101745605469e-05,1.9856861659458707e-05,0.0005559921264648438,249102778368,249102778368.0,0.0007038116455078125,12351,18,12.238095238095237,2,1.4285714285714286,0.029,0.01404761904761905,0.29500000000000004,21,12351,360
252,solved,1.5974044799804688e-05,9.384420182969836e-06,0.00033783912658691406,249102741504,249102741504.0,0.0005285739898681641,9.78544646618413e-05,0.004990577697753906,249103343616,249102904540.86273,0.00532841682434082,7636103,120,36.927536231884055,13,3.652173913043478,0.702,0.06336231884057969,4.371999999999999,69,7636103,5040
253,solved,1.0967254638671875e-05,6.062643868582589e-06,8.487701416015625e-05,249102721024,249102721024.0,1.5974044799804688e-05,1.0410944620768229e-05,0.00018739700317382812,249102721024,249102721024.0,0.0002722740173339844,574,10,6.333333333333333,2,1.0833333333333333,0.011,0.006750000000000002,0.08100000000000002,12,574,107
254,solved,1.2159347534179688e-05,7.311503092447917e-06,0.00017547607421875,249102712832,249102712832.0,0.00011420249938964844,2.5257919773910984e-05,0.0008335113525390625,249102712832,249102712832.0,0.0010089874267578125,42630,39,18.4,5,2.3666666666666667,0.045,0.021433333333333346,0.6430000000000003,30,42630,716
255,solved,7.867813110351562e-06,5.245208740234375e-06,3.147125244140625e-05,249102823424,249102813866.66666,9.298324584960938e-06,5.510118272569444e-06,4.9591064453125e-05,249102823424,249102823424.0,8.106231689453125e-05,15,0,0.0,0,0.0,0.005,0.005,0.005,1,15,9
256,solved,5.7220458984375e-06,4.666192190987724e-06,3.266334533691406e-05,249103040512,249103040512.0,8.821487426757812e-06,6.267002650669643e-06,4.38690185546875e-05,249103040512,249103040512.0,7.653236389160156e-05,31,5,3.3333333333333335,2,1.3333333333333333,0.006,0.005,0.015,3,31,12
257,solved,3.552436828613281e-05,1.5482306480407715e-05,0.0009908676147460938,249102258176,249102258176.0,3.163027286529541,0.17582012728640908,16.702912092208862,250633613312,249198403066.61053,16.70390295982361,1113597391920,2770,426.86072423398326,285,39.860724233983284,149.086,3.3477938718662927,1201.857999999999,359,549755813887,7735264
258,solved,3.2901763916015625e-05,1.7935716653171973e-05,0.001416921615600586,249108103168,249108103168.0,82.20652961730957,4.544880616462837,536.2959127426147,275586883584,251171513153.08475,536.2973296642303,687998789526551,13275,1612.3786906290115,1386,147.14120667522465,2504.61,17.790644415917836,13858.911999999995,779,549755813887,198605518
259,unsolved,0.00031638145446777344,2.4042230971316073e-05,0.002259969711303711,249102778368,249102333646.97873,58.844515323638916,2.062692435707633,261.9619393348694,262433677312,250532805720.6929,261.9641993045807,0,0,-0.0,0,-0.0,0,-0.0,0,-1,0,0
260,unsolved,0.00033783912658691406,2.694786141771789e-05,0.00293731689453125,249105485824,249105249082.7156,114.94291305541992,5.275548342111948,585.5858659744263,298272239616,252201001882.52252,585.5888032913208,0,0,-0.0,0,-0.0,0,-0.0,0,-1,0,0
261,unsolved,0.0006351470947265625,3.58704597719254e-05,0.00444793701171875,249104822272,249103802566.19354,3.049255132675171,0.2064720046135687,19.20189642906189,250728177664,249305900109.07526,19.20634436607361,0,0,-0.0,0,-0.0,0,-0.0,0,-1,0,0
262,unsolved,0.0006175041198730469,3.7658128807012986e-05,0.005234479904174805,249109975040,249109247307.5108,0.5596423149108887,0.032140316107334234,2.5069446563720703,249322868736,249148345317.7436,2.512179136276245,0,0,-0.0,0,-0.0,0,-0.0,0,-1,0,0
263,unsolved,0.0006310939788818359,4.0483165096927e-05,0.006234407424926758,249108004864,249107348014.54544,0.05315136909484863,0.003224763713899206,0.19671058654785156,249154727936,249114178006.03278,0.20294499397277832,0,0,-0.0,0,-0.0,0,-0.0,0,-1,0,0
264,unsolved,0.0011963844299316406,4.965454869016388e-05,0.008391618728637695,249112637440,249110472110.20117,0.008081674575805664,0.000753672226615574,0.034668922424316406,249121710080,249114314484.86957,0.0430605411529541,0,0,-0.0,0,-0.0,0,-0.0,0,-1,0,0
265,unsolved,0.0011663436889648438,5.2224034848420516e-05,0.009609222412109375,249117278208,249115356872.34784,0.0006499290466308594,0.00015248358249664307,0.004879474639892578,249117278208,249117278208.0,0.014488697052001953,0,0,-0.0,0,-0.0,0,-0.0,0,-1,0,0
266,unsolved,0.0011954307556152344,5.61972958358688e-05,0.01118326187133789,249124548608,249122772096.64322,0.00018024444580078125,9.834766387939453e-05,0.0015735626220703125,249124548608,249124548608.0,0.012756824493408203,0,0,-0.0,0,-0.0,0,-0.0,0,-1,0,0
267,unsolved,0.0011687278747558594,5.84281493570203e-05,0.012503623962402344,249068273664,249066621674.4673,0.00018835067749023438,0.00018835067749023438,0.00018835067749023438,249068273664,249068273664.0,0.012691974639892578,0,0,-0.0,0,-0.0,0,-0.0,0,-1,0,0
268,unsolved,0.0012140274047851562,5.958357522653979e-05,0.012810468673706055,249083494400,249081850094.13953,0,-0.0,0,0,-0.0,0.012810468673706055,0,0,-0.0,0,-0.0,0,-0.0,0,-1,0,0
269,unsolved,0.0011725425720214844,5.940265125698513e-05,0.012830972671508789,249085677568,249083606016.0,0,-0.0,0,0,-0.0,0.012830972671508789,0,0,-0.0,0,-0.0,0,-0.0,0,-1,0,0
270,unsolved,0.0011794567108154297,5.996060925860738e-05,0.012891530990600586,249085104128,249083459822.13953,0,-0.0,0,0,-0.0,0.012891530990600586,0,0,-0.0,0,-0.0,0,-0.0,0,-1,0,0
271,unsolved,0.0011794567108154297,6.003181139628092e-05,0.01296687126159668,249087528960,249085892266.66666,0,-0.0,0,0,-0.0,0.01296687126159668,0,0,-0.0,0,-0.0,0,-0.0,0,-1,0,0
272,unsolved,0.0011873245239257812,5.8770179748535156e-05,0.012694358825683594,249091502080,249089527959.7037,0,-0.0,0,0,-0.0,0.012694358825683594,0,0,-0.0,0,-0.0,0,-0.0,0,-1,0,0
274,solved,2.6226043701171875e-05,1.4860183000564575e-05,0.0009510517120361328,249092009984,249092009984.0,0.0906527042388916,0.0032909067122490854,2.395780086517334,249295523840,249168945410.8132,2.39673113822937,118969,1304,430.6666666666667,404,123.44444444444444,21.119,5.1675555555555555,46.507999999999996,9,118969,21839
275,solved,2.86102294921875e-05,1.556798815727234e-05,0.0009963512420654297,249096196096,249096196096.0,0.07544350624084473,0.0025756519574385425,1.8750746250152588,249285038080,249142043473.58243,1.8760709762573242,118969,1625,710.6666666666666,547,222.08333333333334,61.484,15.231166666666667,182.774,12,118969,21590
276,solved,2.8133392333984375e-05,1.5906989574432373e-05,0.0010180473327636719,249093779456,249093779456.0,0.04259204864501953,0.001753736328292679,1.2767200469970703,249200230400,249145521191.3846,1.277738094329834,118969,1578,589.8823529411765,536,181.11764705882354,101.298,18.73876470588235,318.55899999999997,17,118969,21075
277,solved,2.86102294921875e-05,1.5519559383392334e-05,0.0009932518005371094,249094176768,249094176768.0,0.02519083023071289,0.001200187664765578,0.8737366199493408,249145712640,249117693108.04395,0.8747298717498779,118969,1645,688.5384615384615,556,215.0,52.09,17.772,231.036,13,118969,20657
278,solved,0.00035381317138671875,2.6581287384033202e-05,0.0026581287384033203,249095098368,249094680330.24,1.4598381519317627,0.06260355264962125,92.02722239494324,252213469184,250004740444.29932,92.02988052368164,7535369,10569,2316.4545454545455,3105,643.0909090909091,241.412,52.43754545454545,576.813,11,7535369,743541
279,solved,0.00034499168395996094,2.657890319824219e-05,0.0026578903198242188,249095573504,249095243202.56,2.525075674057007,0.11235929524817434,165.16816401481628,255610011648,252131093243.4721,165.1708219051361,7535369,27955,6563.142857142857,9436,1968.5,1177.1,199.3234285714286,2790.5280000000002,14,7535369,728877
280,solved,0.0003681182861328125,2.6721954345703125e-05,0.0026721954345703125,249095602176,249095184138.24,5.071486949920654,0.15207623965075226,223.55207228660583,261370314752,252834966902.77008,223.5547444820404,7535369,30635,9442.0625,10452,2982.1875,2551.35,484.6239375,7753.983,16,7535369,741248
281,solved,0.00035119056701660156,2.6702880859375e-05,0.0026702880859375,249096613888,249096195850.24,3.04858136177063,0.13479230679622312,198.144690990448,255688122368,251225925824.26123,198.14736127853394,7535369,25657,5180.333333333333,8465,1541.0,1014.88,153.80293333333333,2307.044,15,7535369,735331
3,solved,0.00035190582275390625,2.5274933025401127e-05,0.0023505687713623047,248951250944,248950801441.03226,2.8079159259796143,0.15200764533842193,90.1405336856842,252212883456,249714120983.74368,90.14288425445557,343142930930159,44,22.0,1,0.5,0.341,0.2555,0.511,2,549755813887,2779736
30,solved,2.4557113647460938e-05,1.361114638192313e-05,0.0007622241973876953,248981241856,248981241856.0,0.17878437042236328,0.012812454050237482,1.409369945526123,249089015808,249004093700.65454,1.4101321697235107,16999974125,50,49.5,2,2.0,0.197,0.17375000000000002,0.6950000000000001,4,16999974125,725936
31,solved,2.5987625122070312e-05,1.3934714453560965e-05,0.0007803440093994141,248988114944,248988114944.0,0.23272466659545898,0.02281448407606645,2.5095932483673096,249190477824,249024671669.52728,2.510373592376709,16999974125,48,46.5,2,2.0,0.177,0.1525,0.305,2,16999974125,529464
32,unsolved,0.0023398399353027344,8.292978768671111e-05,0.02330327033996582,248996491264,248992681692.46976,0.19035720825195312,0.009171508153279622,1.3757262229919434,249187684352,249019301860.69333,1.3990294933319092,0,0,-0.0,0,-0.0,0,-0.0,0,-1,0,0
322,solved,7.867813110351562e-06,5.612006554236779e-06,7.295608520507812e-05,249099333632,249099333632.0,1.0967254638671875e-05,5.5053017356178975e-06,0.00036334991455078125,249099333632,249099333632.0,0.0004363059997558594,26,2,2.0,1,1.0,0.006,0.004181818181818183,0.04600000000000001,11,26,22
323,solved,1.2636184692382812e-05,7.968682509202223e-06,0.0002071857452392578,249098874880,249098874880.0,3.790855407714844e-05,1.3229052225748697e-05,0.0019843578338623047,249099419648,249099029708.8,0.0021915435791015625,523,15,8.545454545454545,4,2.3333333333333335,0.353,0.03284848484848484,1.0839999999999999,33,523,153
324,solved,1.6689300537109375e-05,1.0325358464167668e-05,0.00040268898010253906,249099440128,249099440128.0,0.0006301403045654297,3.982609153812767e-05,0.009319305419921875,249100505088,249099770258.5983,0.009721994400024414,10487,71,25.155844155844157,18,6.025974025974026,1.48,0.10925974025974029,8.413000000000002,77,10487,1135
325,solved,2.384185791015625e-05,1.2773733872633715e-05,0.0006642341613769531,249099943936,249099943936.0,0.00509190559387207,0.00025786918664128525,0.08200240135192871,249123897344,249103170798.2893,0.08266663551330566,210289,295,79.2969696969697,75,17.957575757575757,7.328,0.4437454545454547,73.21800000000003,165,210289,8761
326,solved,2.8133392333984375e-05,1.5691610483022837e-05,0.0010199546813964844,249100750848,249100377670.8923,0.02290487289428711,0.0010303674052603803,0.41420769691467285,249148813312,249109567773.29352,0.41522765159606934,4216790,1109,220.3108504398827,313,56.25806451612903,41.007,2.2620117302052782,771.3459999999999,341,4216790,60454
327,solved,3.218650817871094e-05,1.813815190241887e-05,0.0014147758483886719,249099960320,249099960320.0,0.13689136505126953,0.007180084907468945,3.4895212650299072,249314193408,249134612589.56378,3.490936040878296,84556576,4445,768.8831168831168,1327,180.7907647907648,319.475,10.351233766233772,7173.405000000004,693,84556576,304714
328,solved,0.0003516674041748047,2.4690732851133242e-05,0.002246856689453125,249100406784,249099935924.04395,0.7718751430511475,0.027210287043922827,15.50986361503601,249892114432,249222458400.33685,15.512110471725464,1695558599,16444,2025.2369362920545,5600,590.2605583392985,2353.31,38.82404294917682,54237.188000000024,1397,1695558599,1560326
329,solved,0.00035309791564941406,2.7732207224919246e-05,0.0028841495513916016,249099243520,249098841560.6154,5.447707414627075,0.206818548546654,135.25933074951172,255554019328,249897525260.526,135.2622148990631,33999945346,91915,8941.080926916222,24003,1943.50623885918,19762.4,207.94178146167494,583276.6969999982,2805,33999945346,12720545
33,unsolved,0.0025060176849365234,8.464453483391487e-05,0.023785114288330078,248985235456,248981216784.3986,0.5111379623413086,0.026027082607446128,3.9300894737243652,249376157696,249041663932.18542,3.9538745880126953,0,0,-0.0,0,-0.0,0,-0.0,0,-1,0,0
330,unsolved,0.0006515979766845703,3.562829433343349e-05,0.004168510437011719,249107824640,249106960068.92307,0.8195803165435791,0.03457763602742475,18.602768182754517,250636242944,249253674231.43494,18.60693669319153,0,274510,66636.8826405868,102621,22389.513447432764,37847.8,1922.837171149143,786440.4029999995,409,549755813887,87409415
331,unsolved,0.0006155967712402344,3.5979197575495795e-05,0.004677295684814453,249108402176,249107624062.03076,56.38039493560791,1.1185115244391721,848.9502470493317,297998315520,252364302926.9249,848.9549243450165,0,0,-0.0,0,-0.0,0,-0.0,0,-1,0,0
332,unsolved,0.0006256103515625,3.816031075857736e-05,0.0054569244384765625,249112793088,249111670669.42657,41.74121880531311,1.1678117489590139,867.6841294765472,298711957504,253245844484.13458,867.6895864009857,0,0,-0.0,0,-0.0,0,-0.0,0,-1,0,0
333,unsolved,0.0006048679351806641,3.9572899158184344e-05,0.006173372268676758,249114546176,249113437892.92307,104.64826846122742,2.1557066453557434,1584.4443843364716,345811849216,255898728578.96054,1584.4505577087402,0,0,-0.0,0,-0.0,0,-0.0,0,-1,0,0
334,unsolved,0.0011718273162841797,4.848079568535618e-05,0.008193254470825195,249117765632,249115820347.07693,44.190993309020996,1.1904735906730939,855.9505116939545,298783965184,253884351147.61612,855.9587049484253,0,0,-0.0,0,-0.0,0,-0.0,0,-1,0,0
335,unsolved,0.0012240409851074219,5.329703236674215e-05,0.00970005989074707,249121296384,249119353934.76923,46.70839333534241,0.8249352780932729,580.7544357776642,298214735872,251565026245.81818,580.7641358375549,0,0,-0.0,0,-0.0,0,-0.0,0,-1,0,0
336,unsolved,0.001180887222290039,5.413202139047476e-05,0.010555744171142578,249128087552,249125917302.15384,39.43469595909119,1.175924315638894,812.5637021064758,299710115840,252968586060.68884,812.574257850647,0,0,-0.0,0,-0.0,0,-0.0,0,-1,0,0
337,unsolved,0.0011539459228515625,5.6901803383460414e-05,0.011835575103759766,249134100480,249132400836.92307,22.07394289970398,0.7510390868880275,506.2003445625305,275361292288,251306190088.35608,506.2121801376343,0,0,-0.0,0,-0.0,0,-0.0,0,-1,0,0
338,unsolved,0.0011687278747558594,6.0282141914195066e-05,0.01332235336303711,249138216960,249136617295.9276,19.619750022888184,0.668248483574534,443.7169930934906,275150135296,252279488363.9518,443.73031544685364,0,0,-0.0,0,-0.0,0,-0.0,0,-1,0,0
339,unsolved,0.002354145050048828,7.157855563693577e-05,0.01674938201904297,249157943296,249154566616.6154,9.218919277191162,0.26379297468724905,170.67405462265015,261553152000,250332622461.8238,170.6908040046692,0,0,-0.0,0,-0.0,0,-0.0,0,-1,0,0
340,unsolved,0.0023796558380126953,7.614336515727796e-05,0.018807411193847656,249041494016,249037206449.23077,9.750282049179077,0.2910868521756346,185.1312379837036,261558824960,250332090548.32706,185.15004539489746,0,0,-0.0,0,-0.0,0,-0.0,0,-1,0,0
341,unsolved,0.002453327178955078,7.733565110426683e-05,0.020107269287109375,249046839296,249042673254.4,21.75709104537964,0.5105217021444569,317.03397703170776,273832861696,250341399006.19647,317.0540843009949,0,0,-0.0,0,-0.0,0,-0.0,0,-1,0,0
342,unsolved,0.0020782947540283203,7.748341822362208e-05,0.021152973175048828,249046249472,249042188970.66666,18.49101209640503,0.6865105593733012,418.08493065834045,275109818368,251000895121.44498,418.1060836315155,0,0,-0.0,0,-0.0,0,-0.0,0,-1,0,0
343,unsolved,0.002166748046875,8.028370517117161e-05,0.022961139678955078,249054257152,249050313047.72028,8.077265501022339,0.28352920643193724,168.1328194141388,261698662400,250220104477.7875,168.15578055381775,0,0,-0.0,0,-0.0,0,-0.0,0,-1,0,0
344,unsolved,0.002391815185546875,8.245216165497948e-05,0.024653196334838867,249055203328,249051297031.7057,5.280975580215454,0.197998477593193,114.64111852645874,255526903808,250003898169.92056,114.66577172279358,0,0,-0.0,0,-0.0,0,-0.0,0,-1,0,0
352,solved,1.9788742065429688e-05,1.0734254663640803e-05,0.0004723072052001953,249054404608,249054404608.0,0.008980035781860352,0.000758912828233507,0.04781150817871094,249060687872,249055691142.09525,0.04828381538391113,234866524,426,181.53333333333333,55,20.6,7.42,0.5607444444444446,50.46700000000001,90,234866524,56586
353,solved,2.3365020751953125e-05,1.2786300094039351e-05,0.000690460205078125,249054404608,249054404608.0,0.5559892654418945,0.03607641427944868,2.813960313796997,249265860608,249083521549.1282,2.814650774002075,17433157278,1766,701.5,183,70.65151515151516,146.122,5.1090454545454556,674.3940000000001,132,17433157278,1654364
354,solved,3.0040740966796875e-05,1.4875084161758423e-05,0.0009520053863525391,249054564352,249054564352.0,0.6142704486846924,0.04758676405875913,4.4255690574646,249446469632,249098031984.86023,4.426521062850952,1293990170762,5126,2038.7252747252746,694,256.93956043956047,311.633,15.946697802197795,2902.2989999999986,182,549755813887,3512486
355,solved,3.4809112548828125e-05,1.675695986361117e-05,0.0012400150299072266,249056882688,249056882688.0,7.741724729537964,0.5063522413924888,54.686042070388794,252270428160,249618355541.33334,54.6872820854187,96047464911400,21506,7745.091666666666,2642,975.5208333333334,2522.56,66.95892916666666,16070.143,240,549755813887,27933546
357,unsolved,0.00036025047302246094,2.5825297578852226e-05,0.0024275779724121094,249056268288,249055823566.97873,154.4659812450409,10.113933568864358,1284.4695632457733,345622884352,254904775623.55905,1284.4719908237457,0,0,-0.0,0,-0.0,0,-0.0,0,-1,0,0
358,unsolved,0.0003616809844970703,2.7668017607468824e-05,0.002877473831176758,249059024896,249058707298.46155,20.302013397216797,1.5206661141437032,174.87660312652588,261892210688,249981037096.06958,174.87948060035706,0,0,-0.0,0,-0.0,0,-0.0,0,-1,0,0
359,unsolved,0.00035834312438964844,2.956390380859375e-05,0.0033702850341796875,249061621760,249061255060.21054,30.56893229484558,1.7120982251077328,181.48241186141968,261852237824,250275629365.13208,181.48578214645386,0,0,-0.0,0,-0.0,0,-0.0,0,-1,0,0
36,unsolved,0.0003006458282470703,2.9476065384714228e-05,0.003360271453857422,248978817024,248978422514.5263,7.46400260925293,0.3867405943754243,126.85091495513916,255611084800,249847768238.82925,126.85427522659302,0,0,-0.0,0,-0.0,0,-0.0,0,-1,0,0
360,unsolved,0.0006544589996337891,3.6570333665417084e-05,0.004534721374511719,249065287680,249063993277.9355,10.910363912582397,0.7393759576897873,70.24071598052979,255345860608,249531370830.14737,70.2452507019043,0,0,-0.0,0,-0.0,0,-0.0,0,-1,0,0
361,unsolved,0.0006425380706787109,3.806334822925169e-05,0.0051004886627197266,249067069440,249065871635.1045,3.446856737136841,0.22366480316434587,18.787843465805054,250674917376,249246709906.2857,18.792943954467773,0,0,-0.0,0,-0.0,0,-0.0,0,-1,0,0
362,unsolved,0.0006396770477294922,3.98258368174235e-05,0.005734920501708984,249161138176,249159996672.0,0.42734217643737793,0.02792472055513565,2.0385046005249023,249362788352,249184951310.0274,2.0442395210266113,0,0,-0.0,0,-0.0,0,-0.0,0,-1,0,0
363,unsolved,0.0006353855133056641,4.027261362447367e-05,0.006201982498168945,249163980800,249163042443.63635,0.037557363510131836,0.0035001500960319273,0.2170093059539795,249211215872,249170106566.19354,0.22321128845214844,0,0,-0.0,0,-0.0,0,-0.0,0,-1,0,0
364,unsolved,0.0012023448944091797,4.9386082625970605e-05,0.00809931755065918,249169162240,249167157647.60974,0.02366781234741211,0.001872712490605373,0.09550833702087402,249190899712,249171708666.98038,0.1036076545715332,0,0,-0.0,0,-0.0,0,-0.0,0,-1,0,0
365,unsolved,0.0011680126190185547,5.1106529674310795e-05,0.008892536163330078,249169997824,249167966066.7586,0.002416372299194336,0.00021910667419433594,0.008983373641967773,249173151744,249170166359.41464,0.01787590980529785,0,0,-0.0,0,-0.0,0,-0.0,0,-1,0,0
366,unsolved,0.0011682510375976562,5.2681435709414274e-05,0.009693384170532227,249176731648,249174810312.34784,0.0028765201568603516,0.00035703927278518677,0.011425256729125977,249179828224,249177296128.0,0.021118640899658203,0,0,-0.0,0,-0.0,0,-0.0,0,-1,0,0
367,unsolved,0.0011625289916992188,5.443317374003302e-05,0.010560035705566406,249180745728,249178923430.26804,0.0002410411834716797,0.00012291045415969122,0.0025811195373535156,249180745728,249180745728.0,0.013141155242919922,0,0,-0.0,0,-0.0,0,-0.0,0,-1,0,0
368,unsolved,0.0011706352233886719,5.768327152027803e-05,0.011767387390136719,249186926592,249184770690.5098,0.0001857280731201172,8.924802144368489e-05,0.0010709762573242188,249186926592,249186926592.0,0.012838363647460938,0,0,-0.0,0,-0.0,0,-0.0,0,-1,0,0
37,unsolved,0.0003571510314941406,2.9404958089192707e-05,0.0033521652221679688,248986230784,248985864084.21054,3.2000763416290283,0.1469808714521443,47.91576409339905,252114341888,249296668533.7914,47.919116258621216,0,0,-0.0,0,-0.0,0,-0.0,0,-1,0,0
4,unsolved,0.002269268035888672,8.235755541645889e-05,0.023224830627441406,248958951424,248955113951.31915,3.1109108924865723,0.15120244345624323,124.13720607757568,255612137472,249886852409.06213,124.16043090820312,0,0,-0.0,0,-0.0,0,-0.0,0,-1,0,0
42,solved,3.2901763916015625e-05,1.8448769291744958e-05,0.0014574527740478516,248992444416,248992444416.0,39.79399490356445,4.34091159930596,677.1822094917297,274261504000,251954117973.33334,677.1836669445038,245227225296269,313,153.85714285714286,13,6.428571428571429,2.327,1.0474285714285714,14.664,14,549755813887,111191171
43,solved,4.696846008300781e-05,1.8328051023845432e-05,0.001447916030883789,248993370112,248993027914.53165,41.30900454521179,3.650097206617013,569.415164232254,274685227008,252304910546.05127,569.4166121482849,245227225296269,0,0.0,0,0.0,0.399,0.399,0.399,1,549755813887,97059596
46,unsolved,0.0006411075592041016,4.1700028753899907e-05,0.006421804428100586,248995418112,248994295435.63635,4.748122930526733,0.15517929289814486,44.53645706176758,252129677312,249403280523.1498,44.54287886619568,0,0,-0.0,0,-0.0,0,-0.0,0,-1,0,0
47,unsolved,0.0006420612335205078,4.18238825612254e-05,0.006440877914428711,248996978688,248996321838.54544,3.4878695011138916,0.13673535622786145,39.24304723739624,252118605824,249347305001.03137,39.24948811531067,0,0,-0.0,0,-0.0,0,-0.0,0,-1,0,0
5,unsolved,0.002425670623779297,8.260104673128601e-05,0.023293495178222656,248947785728,248943700679.7163,13.089098930358887,0.532670066209984,441.5834848880768,274780368896,251277121988.09167,441.606778383255,0,0,-0.0,0,-0.0,0,-0.0,0,-1,0,0
56,unsolved,0.0006411075592041016,3.63616943359375e-05,0.0045452117919921875,248895680512,248894871273.472,69.30061745643616,3.9756291352212427,1272.2013232707977,301700526080,254875648025.6,1272.2058684825897,0,0,-0.0,0,-0.0,0,-0.0,0,-1,0,0
57,unsolved,0.0006780624389648438,3.671836853027344e-05,0.00458979606628418,248894414848,248893192732.672,77.14923095703125,2.9945627261545056,961.2546350955963,300430106624,254322127868.80997,961.2592248916626,0,0,-0.0,0,-0.0,0,-0.0,0,-1,0,0
58,solved,0.0006785392761230469,3.696823120117188e-05,0.004621028900146484,248900255744,248899446505.472,1.1954095363616943,0.015415806967628183,59.98290491104126,251963035648,249875506617.33847,59.987525939941406,537509,0,0.0,0,0.0,0.175,0.175,0.175,1,537509,114702
59,solved,0.0007255077362060547,3.773307800292969e-05,0.004716634750366211,248909078528,248907794481.152,1.299311637878418,0.015224478784608706,59.238446950912476,252001705984,249844380662.789,59.24316358566284,537509,14,8.2,2,1.0,0.251,0.1554,0.777,5,537509,107574
6,solved,2.8133392333984375e-05,1.5148475988587337e-05,0.0010149478912353516,248943095808,248943095808.0,0.28069043159484863,0.019984212414971714,4.6363372802734375,249335554048,249020488156.68967,4.637352228164673,232007606571,49,48.333333333333336,2,2.0,0.229,0.21466666666666667,0.644,3,232007606571,582682
60,solved,0.0006704330444335938,3.718757629394531e-05,0.004648447036743164,248919117824,248917941125.12,0.07460141181945801,0.00029844909610975714,2.0775041580200195,249116213248,249019355895.06335,2.0821526050567627,1250,4,4.0,1,1.0,0.117,0.117,0.117,1,1250,918
61,solved,0.0006759166717529297,3.679656982421875e-05,0.004599571228027344,248920117248,248918961192.96,0.07456421852111816,0.00028730147769611775,1.9999055862426758,249111937024,249015772056.29077,2.004505157470703,1250,124,55.888888888888886,59,27.22222222222222,14.623,3.8953333333333333,35.058,9,1250,908
62,unsolved,0.002213716506958008,7.723712921142579e-05,0.019309282302856445,248919986176,248915775520.768,0.9744172096252441,0.04431557183218474,17.903491020202637,250513883136,249094245538.21783,17.922800302505493,0,0,-0.0,0,-0.0,0,-0.0,0,-1,0,0
63,unsolved,0.0026407241821289062,7.955455780029297e-05,0.019888639450073242,248917372928,248913293705.216,25.16592240333557,0.9829078410899322,628.0781104564667,297721933824,252605009580.26917,628.0979990959167,0,0,-0.0,0,-0.0,0,-0.0,0,-1,0,0
64,unsolved,0.0022521018981933594,7.873439788818359e-05,0.0196835994720459,248926429184,248922497646.592,39.451640129089355,0.24176370787707988,1516.100212097168,348807376896,265680242282.71088,1516.11989569664,0,0,-0.0,0,-0.0,0,-0.0,0,-1,0,0
65,unsolved,0.002256155014038086,7.802391052246093e-05,0.019505977630615234,248930525184,248926332076.032,39.709951639175415,0.2557765109263641,1603.2071704864502,349689397248,272256672803.2878,1603.2266764640808,0,0,-0.0,0,-0.0,0,-0.0,0,-1,0,0
66,solved,0.002318143844604492,7.674217224121094e-05,0.019185543060302734,248935333888,248931576020.992,2.3616507053375244,0.0027007087907573377,75.34167313575745,255103381504,251506020534.5045,75.36085867881775,6556,14,10.0,4,2.8333333333333335,1.113,0.6723333333333333,4.034,6,6556,4377
67,solved,0.0023207664489746094,7.372188568115234e-05,0.018430471420288086,248963158016,248959173754.88,2.2934443950653076,0.0026827243278884382,74.83996057510376,255182737408,251623000989.51657,74.85839104652405,6556,0,0.0,0,0.0,0.211,0.211,0.211,1,6556,4390
7,solved,3.314018249511719e-05,1.625160672771397e-05,0.001088857650756836,248948895744,248948895744.0,0.31003379821777344,0.024005651473999023,5.569311141967773,249353654272,249031185920.0,5.57039999961853,232007606571,57,34.5,2,1.5,0.927,0.383,1.532,4,232007606571,620591
8,unsolved,0.0012052059173583984,5.8646249299002165e-05,0.011846542358398438,248958431232,248956681104.47525,9.783953428268433,0.42871467756188436,197.2087516784668,261333975040,250011690767.5826,197.2205982208252,0,0,-0.0,0,-0.0,0,-0.0,0,-1,0,0
80,unsolved,0.0006449222564697266,3.747836403224779e-05,0.005172014236450195,248932200448,248931108418.78262,27.617578268051147,0.7702488629023234,231.07465887069702,261689917440,249572507934.72,231.07983088493347,0,0,-0.0,0,-0.0,0,-0.0,0,-1,0,0
81,unsolved,0.0006310939788818359,3.7391980489095054e-05,0.005160093307495117,248929452032,248928288946.08694,70.44828724861145,1.7945011592302167,547.3228535652161,275408171008,250696165127.5541,547.3280136585236,0,0,-0.0,0,-0.0,0,-0.0,0,-1,0,0
88,solved,0.00028204917907714844,2.2923809358443337e-05,0.0019943714141845703,248934850560,248934370056.82758,1.3370954990386963,0.08581395513318442,34.840465784072876,250573385728,249467788061.0049,34.84246015548706,1233653689761797,7308,3192.5,20722,6160.166666666667,194.997,68.54533333333333,411.272,6,549755813887,1174553
89,solved,0.0003421306610107422,2.2860779159370512e-05,0.0019888877868652344,248937287680,248936540230.6207,0.6934740543365479,0.06569728181867177,26.673096418380737,249772834816,249260607730.12808,26.675085306167603,1233653689761797,16997,6690.071428571428,30541,9874.214285714286,670.189,225.41300000000004,3155.7820000000006,14,549755813887,1114263
9,unsolved,0.0012080669403076172,5.726294942421488e-05,0.011567115783691406,248980496384,248978403895.7624,8.418851375579834,0.3290944745897471,151.7125527858734,261300985856,250028358293.93494,151.7241199016571,0,0,-0.0,0,-0.0,0,-0.0,0,-1,0,0
90,unsolved,0.0006623268127441406,3.617604573567708e-05,0.00434112548828125,248938356736,248937513779.2,11.27501368522644,0.6211412740342411,201.24977278709412,261724553216,250342946487.30865,201.2541139125824,0,0,-0.0,0,-0.0,0,-0.0,0,-1,0,0
91,unsolved,0.0006427764892578125,3.556013107299805e-05,0.004267215728759766,248938176512,248937333555.2,11.004054069519043,0.7092036542716933,231.20039129257202,261979975680,250702859421.0552,231.20465850830078,0,0,-0.0,0,-0.0,0,-0.0,0,-1,0,0
92,solved,3.457069396972656e-05,1.767519358042124e-05,0.0013079643249511719,248940646400,248940646400.0,0.12344002723693848,0.012070260570690878,3.633148431777954,249151152128,249003009578.5249,3.6344563961029053,1537558481760,16783,7729.857142857143,72262,24695.571428571428,846.32,216.45428571428573,1515.18,7,549755813887,228782
93,solved,4.076957702636719e-05,1.800382459485853e-05,0.0013322830200195312,248943435776,248943408266.3784,0.05557107925415039,0.003225882584074407,0.9709906578063965,249050718208,248971413401.9402,0.972322940826416,1537558481760,7968,3788.076923076923,90571,28356.846153846152,786.935,262.60053846153846,3413.8070000000002,13,549755813887,94879
