step,size,zdd,time
0,IS,48.58523631095886
1,8,88,0.205
2,36,297,0.926
3,113,771,2.724
4,274,1626,7.302
5,553,2973,18.792
6,988,4944,38.125
7,1637,7655,68.392
8,2559,11218,118.114
9,3765,15599,157.934
10,5226,20671,288.25
11,6947,26354,307.357
12,8957,32574,449.055
13,11175,39089,720.455
14,13424,45438,651.12
15,15635,51399,831.123
16,17831,57049,915.886
17,19872,61765,1077.38
18,21510,65158,1304.19
19,22708,67583,1206.38
20,23563,69142,2535.97
21,24003,69079,1629
22,23904,67685,1428.85
23,23341,65872,1403.56
24,22477,63508,1431.09
25,21396,59983,1186.56
26,20143,56248,1200.21
27,18781,52972,994.132
28,17427,49727,983.191
29,16237,46200,958.968
30,15258,43285,813.253
31,14424,41039,764.164
32,13750,38987,912.181
33,13308,37063,667.777
34,13057,35796,644.843
35,12893,34884,633.736
36,12761,33878,619.298
37,12624,32800,667.885
38,12437,32099,630.684
39,12169,31366,693.802
40,11780,30153,616.265
41,11222,28616,734.587
42,10507,27168,496.452
43,9715,25644,460.456
44,8890,23896,417.12
45,7994,22029,381.921
46,7054,20251,397.231
47,6220,18815,303.734
48,5554,17732,273.338
49,4978,16667,259.272
50,4500,15811,257.377
51,4229,15447,284.285
52,4155,15415,338.328
53,4169,15380,232.387
54,4256,15441,296.321
55,4459,15741,251.762
56,4731,16100,582.879
57,4976,16325,276.99
58,5178,16505,287.986
59,5368,16748,296.879
60,5518,16879,306.175
61,5580,16895,308.77
62,5570,17041,309.283
63,5535,17221,307.054
64,5487,17249,334.105
65,5414,17345,306.775
66,5331,17633,518.585
67,5280,17950,383.627
68,5277,18166,315.838
69,5304,18397,421.901
70,5356,18728,437.298
71,5438,19040,361.375
72,5529,19238,457.845
73,5608,19412,350.413
74,5674,19532,553.928
75,5711,19455,571.627
76,5699,19329,682.423
77,5654,19346,371.458
78,5609,19361,413.186
79,5576,19311,345.797
80,5550,19467,340.478
81,5549,19905,338.222
82,5623,20496,369.299
83,5797,21328,347.303
84,6040,22441,359.516
85,6328,23723,371.635
86,6682,25106,391.461
87,7098,26592,410.427
88,7518,28156,645.958
89,7904,29525,567.073
90,8265,30621,495.111
91,8590,31624,709.624
92,8830,32475,507.07
93,8973,32893,814.531
94,9059,32940,530.273
95,9095,32988,759.737
96,9038,32803,537.437
97,8896,32240,538.62
98,8741,31696,776.992
99,8583,31088,534.547
100,8356,30151,532.293
101,8055,29060,526.207
102,7746,28011,520.612
103,7433,26782,517.813
104,7053,25174,488.244
105,6592,23501,477.669
106,6099,21907,447.577
107,5605,20130,449
108,5107,18199,398.616
109,4604,16463,353.953
110,4109,14952,318.231
111,3659,13408,397.986
112,3296,12026,252.867
113,3015,11017,224.95
114,2787,10213,321.234
115,2622,9466,191.284
116,2540,8952,178.442
117,2522,8708,170.451
118,2534,8508,169.709
119,2555,8277,170.27
120,2576,8179,2112.34
121,2595,8223,184.64
122,2602,8172,179.56
123,2571,7993,175.85
124,2485,7845,173.509
125,2359,7764,166.986
126,2221,7600,158.626
127,2078,7324,370.682
128,1920,7026,138.979
129,1764,6763,126.748
130,1653,6526,116.701
131,1596,6285,119.015
132,1572,6061,102.582
133,1587,5921,96.811
134,1663,5868,93.566
135,1786,5838,101.401
136,1919,5821,98.793
137,2057,5839,100.796
138,2211,5898,347.88
139,2356,5986,111.33
140,2457,6054,116.655
141,2519,6120,256.28
142,2561,6143,180.985
143,2574,6129,121.659
144,2544,6161,591.765
145,2486,6217,119.037
146,2430,6211,118.211
147,2389,6223,117.543
148,2356,6325,115.521
149,2333,6452,116.913
150,2336,6565,119.605
151,2366,6713,125.213
152,2412,6892,141.091
153,2469,7044,138.153
154,2526,7138,274.973
155,2568,7219,146.606
156,2595,7288,142.921
157,2609,7270,146.076
158,2597,7142,144.005
159,2552,7032,140.341
160,2494,6943,139.881
161,2456,6864,136.678
162,2457,6887,172.695
163,2499,7152,133.709
164,2600,7640,138.151
165,2800,8389,144.191
166,3116,9514,155.789
167,3537,11091,179.557
168,4064,12975,207.894
169,4701,15130,245.333
170,5413,17547,295.412
171,6150,20136,565.057
172,6894,22661,518.273
173,7624,25042,579.798
174,8272,27284,519.157
175,8785,29155,554.171
176,9189,30582,589.713
177,9509,31622,694.382
178,9704,32267,653.492
179,9756,32509,914.762
180,9724,32518,680.603
181,9667,32242,681.884
182,9595,31799,753.56
183,9509,31368,922.503
184,9430,30901,652.293
185,9394,30379,643.376
186,9429,30012,797.09
187,9520,29795,889.439
188,9620,29517,625.077
189,9703,29117,615.424
190,9784,28837,599.45
191,9868,28625,663.147
192,9897,28106,603.763
193,9812,27306,594.136
194,9632,26668,584.004
195,9398,25986,811.598
196,9105,24977,562.28
197,8725,23799,536.618
198,8253,22738,509.289
199,7736,21623,472.957
200,7238,20250,436.824
201,6753,18849,401.09
202,6238,17509,366.648
203,5734,16145,337.752
204,5309,14777,307.237
205,4936,13460,273.184
206,4571,12205,249.79
207,4235,11046,225.144
208,3944,10080,206.623
209,3678,9228,184.123
210,3423,8400,166.332
211,3170,7609,152.202
212,2902,6905,136.597
213,2620,6303,128.511
214,2345,5722,108.342
215,2079,5089,97.491
216,1802,4479,81.649
217,1523,3956,69.077
218,1284,3568,59.095
219,1092,3222,51.511
220,923,2887,42.665
221,790,2655,37.468
222,723,2600,35.535
223,710,2591,34.383
224,722,2549,161.047
225,759,2527,45.654
226,828,2590,39.83
227,911,2693,42.004
228,986,2751,45.879
229,1055,2745,50.379
230,1123,2757,51.488
231,1173,2805,53.192
232,1190,2849,55.983
233,1183,2869,55.323
234,1167,2844,56.383
235,1144,2798,54.697
236,1109,2823,52.984
237,1068,2917,53.686
238,1038,2991,52.676
239,1026,3033,53.736
240,1026,3113,54.146
241,1036,3220,55.497
242,1058,3315,60.184
243,1090,3421,61.226
244,1130,3541,64.652
245,1171,3598,67.722
246,1196,3585,71.759
247,1197,3598,71.979
248,1184,3626,73.333
249,1167,3566,71.889
250,1144,3455,71.486
251,1110,3398,67.953
252,1075,3359,66.357
253,1062,3331,63.096
254,1081,3391,61.531
255,1124,3576,61.903
256,1191,3865,64.372
257,1295,4218,68.279
258,1437,4651,72.317
259,1606,5173,80.183
260,1799,5740,90.46
261,2016,6345,98.465
262,2246,6997,109.417
263,2472,7668,121.058
264,2688,8224,131.051
265,2899,8706,140.262
266,3094,9220,148.865
267,3241,9608,164.632
268,3332,9835,165.305
269,3395,9985,166.269
270,3432,9998,164.346
271,3404,9801,619.456
272,3304,9464,391.033
273,3173,9062,151.347
274,3028,8534,152.855
275,2845,7837,141.49
276,2613,7161,134.385
277,2353,6532,117.722
278,2096,5838,107.11
279,1863,5117,95.354
280,1652,4561,547.942
281,1456,4143,73.103
282,1295,3733,64.16
283,1192,3353,56.268
284,1135,3087,51.404
285,1101,2922,47.741
286,1087,2788,45.382
287,1098,2683,114.165
288,1131,2621,43.705
289,1171,2563,44.235
290,1196,2510,300.933
291,1197,2515,45.556
292,1183,2551,45.876
293,1160,2544,43.61
294,1119,2499,42.812
295,1049,2443,41.145
296,959,2409,38.611
297,872,2390,100.291
298,795,2337,33.066
299,723,2233,29.701
300,668,2127,26.983
301,650,2074,24.993
302,666,2031,24.204
303,700,1958,23.42
304,752,1872,22.819
305,827,1819,23.727
306,911,1813,24.263
307,986,1819,26.622
308,1055,1796,28.326
309,1123,1760,28.628
310,1173,1746,29.026
311,1190,1767,29.369
312,1183,1795,31.19
313,1167,1791,30.607
314,1144,1761,29.157
315,1109,1786,28.759
316,1068,1846,28.386
317,1038,1899,30.566
318,1026,1944,29.506
319,1026,2004,29.275
320,1036,2054,30.161
321,1058,2094,31.529
322,1090,2170,33.448
323,1130,2252,34.469
324,1171,2275,36.301
325,1196,2267,37.821
326,1197,2286,38.614
327,1184,2302,37.917
328,1167,2254,37.178
329,1144,2197,38.294
330,1110,2170,106.402
331,1075,2150,35.387
332,1063,2155,32.987
333,1088,2245,32.228
334,1150,2447,32.357
335,1258,2758,36.077
336,1429,3174,44.603
337,1665,3749,45.792
338,1961,4518,56.677
339,2324,5422,69.088
340,2757,6492,95.303
341,3240,7774,105.192
342,3758,9256,129.123
343,4330,10875,158.788
344,4966,12654,191.279
345,5623,14593,487.49
346,6254,16534,278.478
347,6872,18474,314.641
348,7505,20453,351.231
349,8113,22323,391.713
350,8624,23981,429.769
351,9036,25538,605.261
352,9404,27027,510.705
353,9727,28289,523.541
354,9952,29306,544.417
355,10084,30232,569.711
356,10180,31022,577.598
357,10268,31610,631.248
358,10352,32021,607.253
359,10438,32402,858.828
360,10520,32726,618.722
361,10609,32806,631.189
362,10747,32862,991.982
363,10929,32952,632.697
364,11085,32768,663.735
365,11179,32350,651.371
366,11242,31958,1130.49
367,11282,31334,654.349
368,11230,30375,772.554
369,11023,29303,1118.81
370,10693,28328,624.74
371,10300,27104,584.388
372,9837,25565,804.202
373,9273,24069,509.218
374,8631,22852,471.973
375,7981,21539,437.287
376,7374,19997,402.64
377,6797,18551,368.912
378,6228,17386,336.287
379,5712,16293,307.262
380,5297,15239,285.15
381,4958,14362,270.294
382,4666,13606,258.998
383,4433,12963,235.439
384,4265,12520,226.547
385,4148,12237,216.14
386,4063,11942,214.14
387,3987,11571,207.364
388,3900,11316,206.247
389,3798,11103,324.906
390,3691,10816,195.915
391,3584,10486,189.691
392,3455,10073,183.598
393,3296,9677,176.915
394,3146,9445,200.116
395,3016,9268,167.902
396,2882,8991,162.602
397,2758,8786,161.771
398,2674,8821,159.717
399,2629,8929,161.362
400,2612,8973,164.131
401,2627,9044,165.238
402,2680,9241,172.533
403,2760,9473,180.226
404,2847,9663,187.875
405,2938,9828,260.183
406,3038,9954,205.322
407,3124,10010,207.858
408,3168,10096,211.397
409,3178,10251,217.084
410,3171,10342,213.956
411,3146,10321,214.405
412,3096,10332,214.453
413,3026,10438,721.157
414,2965,10558,209.648
415,2940,10659,204.824
416,2949,10813,223.403
417,2986,11081,216.412
418,3061,11464,220.108
419,3181,11958,219.951
420,3335,12521,223.453
421,3500,13052,745.99
422,3651,13468,246.018
423,3775,13924,255.885
424,3869,14418,259.871
425,3923,14653,268.013
426,3928,14688,767.144
427,3878,14667,263.688
428,3768,14528,258.426
429,3615,14181,255.096
430,3446,13695,242.312
431,3263,13193,231.761
432,3062,12572,218.5
433,2870,11893,211.688
434,2714,11323,202.65
435,2583,10786,190.024
436,2463,10212,173.744
437,2361,9672,163.169
438,2274,9233,158.211
439,2190,8820,157.028
440,2113,8361,145.533
441,2051,7971,137.985
442,1995,7689,132.222
443,1930,7403,126.97
444,1865,7114,121.601
445,1820,6942,119.105
446,1783,6812,114.321
447,1727,6601,113.471
448,1660,6379,111.7
449,1609,6202,108.498
450,1569,5969,107.322
451,1510,5647,109.167
452,1421,5314,105.269
453,1317,4951,98.137
454,1211,4491,91.527
455,1101,3985,85.761
456,980,3567,74.876
457,850,3205,67.922
458,730,2823,58.037
459,638,2479,50.13
460,568,2244,46.39
461,509,2075,36.833
462,469,1933,33.457
463,458,1836,31.828
464,470,1774,29.091
465,490,1719,29.576
466,506,1677,29.308
467,518,1683,30.237
468,534,1708,31.447
469,553,1695,31.101
470,562,1654,31.801
471,552,1643,31.565
472,527,1660,31.753
473,495,1651,29.589
474,456,1589,28.373
475,406,1500,25.165
476,353,1437,22.749
477,312,1420,20.523
478,285,1387,18.668
479,268,1314,16.034
480,266,1246,14.752
481,284,1224,15.069
482,316,1249,14.957
483,353,1270,15.464
484,395,1252,17.614
485,442,1240,17.543
486,483,1264,19.865
487,511,1299,19.431
488,533,1306,20.496
489,553,1284,21.009
490,562,1272,22.883
491,552,1280,20.75
492,528,1291,20.65
493,502,1286,20.288
494,480,1269,18.024
495,460,1283,17.196
496,444,1317,17.532
497,440,1348,17.625
498,450,1399,19.403
499,469,1466,20.516
500,490,1507,23.781
501,506,1517,23.493
502,518,1555,24.513
503,534,1618,25.44
504,553,1638,26.649
505,562,1624,27.833
506,552,1608,27.522
507,528,1564,25.978
508,502,1481,24.665
509,480,1403,22.575
510,461,1367,21.478
511,451,1372,21.571
512,464,1438,19.875
513,506,1621,19.77
514,575,1925,23.343
515,672,2309,27.163
516,798,2790,34.45
517,949,3398,43.226
518,1124,4084,53.323
519,1325,4799,66.777
520,1539,5553,557.145
521,1738,6329,97.925
522,1911,7070,117.669
523,2076,7767,140.891
524,2242,8426,139.371
525,2393,9064,152.558
526,2524,9708,176.885
527,2652,10324,183.703
528,2791,10876,196.638
529,2939,11419,209.554
530,3081,11975,233.47
531,3199,12475,246.384
532,3295,12902,247.206
533,3394,13305,257.408
534,3497,13620,277.129
535,3565,13711,267.678
536,3577,13621,266.855
537,3558,13466,264.736
538,3527,13153,261.739
539,3461,12617,253.84
540,3338,12015,1161.79
541,3175,11451,225.429
542,3006,10828,211.883
543,2851,10122,198.131
544,2699,9496,192.692
545,2533,9041,175.987
546,2375,8664,163.335
547,2254,8271,154.52
548,2154,7898,147.713
549,2048,7568,140.028
550,1945,7265,134.065
551,1863,7008,128.572
552,1794,6751,122.55
553,1722,6387,381.809
554,1639,5976,110.981
555,1543,5655,105.298
556,1441,5371,99.213
557,1338,4956,90.48
558,1227,4450,83.732
559,1099,3985,73.531
560,960,3534,63.538
561,829,3075,127.731
562,708,2637,45.487
563,584,2228,37.382
564,468,1912,30.532
565,384,1734,23.395
566,329,1617,21.074
567,290,1537,18.113
568,273,1533,18.635
569,285,1615,19.871
570,316,1741,23.723
571,353,1844,26.23
572,395,1904,30.241
573,442,1978,33.09
574,483,2080,36.571
575,511,2172,39.01
576,533,2217,40.812
577,553,2193,41.917
578,562,2153,44.021
579,552,2160,42.996
580,528,2182,41.615
581,502,2159,41.274
582,480,2115,38.358
583,460,2107,36.358
584,444,2128,35.487
585,440,2145,36.46
586,450,2165,35.692
587,469,2196,36.713
588,490,2212,38.527
589,506,2209,40.906
590,518,2249,41.445
591,534,2321,43.324
592,553,2345,46.146
593,562,2321,46.244
594,552,2289,46.324
595,528,2207,46.168
596,502,2082,42.158
597,480,1990,39.028
598,461,1971,37.584
599,451,2004,34.566
600,463,2092,33.868
601,499,2268,34.567
602,550,2527,38.818
603,611,2849,43.067
604,683,3236,49.214
605,766,3676,59.447
606,860,4136,61.803
607,968,4564,70.338
608,1088,4988,76.726
609,1207,5472,85.609
610,1310,5911,90.761
611,1396,6261,171.225
612,1475,6565,100.592
613,1540,6774,104.216
614,1569,6830,108.268
615,1566,6790,108.843
616,1558,6694,105.914
617,1546,6476,105.048
618,1503,6132,168.77
619,1420,5740,97.595
620,1317,5278,90.231
621,1211,4727,82.314
622,1101,4195,74.463
623,980,3746,65.383
624,850,3347,58.226
625,730,2974,49.579
626,638,2678,42.744
627,568,2492,38.19
628,509,2371,34.899
629,469,2256,31.88
630,458,2160,29.821
631,470,2101,29.563
632,490,2046,30.437
633,506,1999,29.944
634,518,2020,30.45
635,534,2065,30.951
636,553,2048,32.197
637,562,1996,32.86
638,552,1973,31.779
639,527,1950,30.848
640,495,1892,29.737
641,456,1802,28.136
642,406,1689,24.182
643,353,1583,20.85
644,312,1514,18.28
645,285,1447,15.701
646,268,1378,14.561
647,266,1330,13.691
648,284,1317,14.93
649,316,1347,15.548
650,353,1386,15.953
651,395,1404,16.492
652,442,1424,18.746
653,483,1463,19.375
654,511,1492,20.932
655,533,1501,21.068
656,553,1485,22.582
657,562,1467,22.4
658,552,1472,21.709
659,528,1477,21.328
660,502,1465,20.362
661,480,1449,19.841
662,460,1457,18.189
663,444,1477,19.766
664,440,1485,18.407
665,450,1508,18.927
666,469,1550,19.676
667,490,1578,19.995
668,506,1588,21.593
669,518,1629,21.53
670,534,1698,24.322
671,553,1734,23.539
672,562,1720,24.559
673,552,1686,23.703
674,528,1633,23.24
675,502,1569,21.432
676,480,1505,21.97
677,461,1461,18.911
678,451,1465,18.173
679,464,1555,17.089
680,506,1757,17.867
681,575,2073,20.967
682,672,2486,24.854
683,798,3010,31.986
684,950,3641,38.673
685,1131,4364,48.419
686,1351,5192,61.701
687,1606,6183,75.223
688,1872,7319,94.781
689,2139,8526,369.051
690,2433,9853,137.084
691,2777,11367,162.932
692,3156,13059,192.177
693,3550,14897,224.513
694,3980,16869,514.006
695,4488,18976,579.124
696,5074,21168,341.615
697,5691,23457,927.684
698,6308,25779,441.97
699,6944,27991,491.421
700,7615,30086,537.718
701,8276,32000,587.202
702,8860,33571,619.09
703,9354,34753,655.102
704,9795,35686,680.611
705,10187,36335,715.618
706,10482,36562,721.337
707,10668,36628,764.285
708,10794,36853,1493.28
709,10898,36975,724.538
710,10988,36838,723.028
711,11067,36872,752.929
712,11129,37191,720.647
713,11187,37368,714.057
714,11284,37288,717.338
715,11411,37163,724.203
716,11495,37092,728.436
717,11511,36768,737.051
718,11502,36252,746.399
719,11471,35565,869.476
720,11349,34363,1283.78
721,11091,32967,691.09
722,10732,31661,5133.61
723,10318,30236,632.794
724,9844,28408,598.894
725,9287,26571,553.882
726,8663,25041,512.52
727,8034,23552,482.524
728,7454,21976,424.793
729,6917,20600,389.587
730,6400,19428,358.201
731,5944,18386,328.609
732,5599,17544,307.536
733,5336,16862,293.93
734,5118,16291,322.357
735,4953,15834,316.479
736,4839,15581,279.293
737,4758,15542,281.076
738,4699,15365,284.445
739,4644,15030,426.082
740,4564,14793,292.675
741,4448,14684,284.813
742,4314,14510,551.94
743,4173,14150,275.657
744,4004,13701,542.325
745,3804,13293,255.976
746,3620,13069,252.355
747,3474,12910,257.778
748,3344,12663,763.146
749,3238,12473,231.487
750,3182,12537,227.374
751,3167,12723,227.951
752,3177,12816,230.87
753,3219,12826,236.818
754,3296,12866,242.861
755,3386,12990,246.86
756,3464,13104,259.009
757,3532,13149,282.625
758,3601,13142,262.144
759,3653,13057,266.7
760,3665,12979,560.667
761,3654,13131,269.8
762,3651,13389,263.68
763,3657,13535,261.763
764,3657,13731,541.101
765,3654,14136,264.959
766,3673,14648,266.614
767,3728,15148,270.924
768,3805,15633,278.054
769,3895,16143,816.76
770,4005,16661,298.456
771,4131,17164,307.272
772,4256,17606,330.056
773,4364,17893,326.465
774,4438,17991,483.03
775,4465,17984,334.06
776,4452,17925,847.146
777,4420,17734,322.782
778,4379,17386,315.111
779,4324,17110,303.897
780,4261,16903,300.1
781,4212,16750,844.03
782,4193,16703,287.129
783,4201,16751,553.486
784,4221,16829,287.694
785,4250,16936,803.215
786,4296,17099,294.495
787,4352,17238,297.416
788,4395,17231,305.717
789,4407,17098,310.152
790,4381,16921,313.403
791,4314,16564,317.25
792,4208,15937,304.017
793,4068,15235,294.054
794,3889,14518,281.211
795,3669,13753,268.259
796,3442,12987,247.521
797,3244,12303,235.277
798,3061,11655,226.026
799,2872,10982,215.164
800,2700,10403,203.178
801,2575,9921,193.705
802,2487,9406,187.896
803,2400,8838,181.524
804,2296,8339,175.696
805,2189,7915,166.409
806,2092,7437,159.781
807,1996,6914,153.786
808,1886,6484,145.404
809,1760,6141,136.985
810,1635,5755,127.037
811,1525,5387,117.944
812,1417,5081,111.43
813,1298,4778,101.977
814,1189,4505,92.027
815,1115,4318,82.798
816,1072,4179,75.536
817,1049,4047,71.277
818,1043,3944,68.394
819,1055,3921,67.805
820,1087,3960,67.934
821,1132,3978,68.427
822,1179,3984,70.444
823,1218,4033,72.516
824,1242,4115,74.78
825,1256,4138,74.676
826,1264,4084,74.663
827,1259,4010,73.082
828,1240,3960,71.616
829,1216,3957,69.739
830,1190,3923,67.863
831,1162,3831,65.618
832,1139,3751,63.856
833,1128,3727,61.002
834,1133,3750,60.653
835,1156,3760,61.469
836,1198,3770,62.419
837,1257,3782,85.689
838,1317,3778,66.55
839,1362,3798,67.966
840,1398,3862,69.47
841,1433,3940,72.584
842,1457,3977,73.356
843,1458,3980,74.797
844,1438,4009,75.029
845,1408,4007,73.268
846,1374,3943,72.815
847,1333,3883,70.628
848,1289,3848,69.449
849,1264,3843,66.722
850,1277,3939,66.74
851,1329,4194,66.692
852,1417,4563,77.568
853,1540,5046,80.619
854,1699,5716,100.745
855,1898,6536,103.917
856,2136,7460,119.798
857,2401,8503,137.945
858,2670,9596,159.052
859,2922,10608,182.564
860,3153,11548,202.39
861,3362,12411,221.616
862,3528,13072,239.001
863,3635,13491,252.446
864,3701,13796,262.376
865,3745,13936,266.141
866,3765,13873,270.274
867,3758,13701,271.44
868,3727,13519,526.716
869,3680,13393,401.259
870,3633,13260,263.109
871,3596,13157,254.352
872,3563,13042,249.465
873,3528,12957,247.916
874,3494,12888,247.509
875,3471,12802,248.961
876,3461,12648,242.747
877,3440,12402,243.282
878,3394,12166,240.015
879,3347,11900,235.156
880,3316,11579,231.693
881,3290,11264,228.688
882,3256,11035,225.952
883,3214,10862,223.389
884,3180,10617,219.953
885,3165,10452,236.965
886,3149,10205,214.791
887,3104,9956,206.779
888,3035,9708,199.381
889,2964,9427,677.696
890,2890,9008,181.323
891,2797,8447,172.807
892,2677,7926,720.885
893,2536,7421,152.767
894,2390,6894,140.616
895,2244,6381,130.046
896,2085,5913,118.665
897,1908,5487,260.788
898,1734,5088,100.803
899,1583,4703,90.113
900,1442,4327,81.594
901,1295,3973,73.492
902,1161,3658,66.487
903,1061,3385,59.279
904,983,3087,53.909
905,911,2752,58.069
906,846,2455,42.489
907,790,2223,38.181
908,743,2030,34.735
909,704,1859,30.826
910,665,1693,27.539
911,618,1551,34.451
912,565,1448,22.463
913,512,1330,20.989
914,456,1167,17.787
915,390,998,15.421
916,321,874,12.939
917,263,776,10.478
918,214,666,8.402
919,166,559,6.686
920,126,502,5.814
921,104,513,4.957
922,98,550,5.058
923,103,562,5.606
924,119,558,6.232
925,144,585,6.703
926,170,625,7.707
927,192,643,9.053
928,213,628,9.386
929,234,607,9.517
930,249,614,9.977
931,255,648,10.37
932,256,671,11.177
933,255,663,11.051
934,249,633,10.705
935,234,619,9.725
936,214,631,9.931
937,199,649,9.202
938,193,662,9.164
939,192,679,9.458
940,192,682,10.126
941,193,674,11.461
942,199,687,11.216
943,214,721,11.855
944,234,738,12.886
945,249,748,13.867
946,255,771,13.934
947,256,775,14.633
948,255,747,15.558
949,249,715,14.203
950,234,696,13.701
951,214,670,12.852
952,199,634,11.305
953,193,604,10.03
954,193,617,9.399
955,199,678,10.007
956,215,764,10.651
957,242,867,11.336
958,278,973,12.666
959,321,1079,14.717
960,368,1198,16.403
961,416,1343,18.087
962,465,1487,21.123
963,518,1616,22.902
964,575,1748,25.65
965,626,1872,27.481
966,660,1960,29.681
967,683,2025,30.591
968,709,2094,31.127
969,732,2131,32.029
970,732,2120,32.278
971,708,2087,31.625
972,678,2012,30.725
973,650,1873,29.222
974,616,1710,27.281
975,569,1566,25.509
976,512,1409,22.848
977,454,1229,21.146
978,399,1063,17.534
979,341,952,18.442
980,279,874,13.07
981,228,789,10.698
982,201,722,8.936
983,193,694,8.428
984,192,684,7.823
985,193,655,7.827
986,199,627,7.492
987,214,612,7.63
988,234,594,7.938
989,249,593,8.423
990,255,615,8.4
991,256,640,8.711
992,255,635,8.802
993,249,603,8.428
994,234,585,8.6
995,213,593,7.563
996,192,603,7.216
997,170,588,6.443
998,144,541,5.528
999,119,499,4.769
1000,103,490,4.123
1001,98,499,4.098
1002,103,492,3.924
1003,119,467,3.916
1004,144,450,4.101
1005,170,441,4.483
1006,192,449,4.901
1007,213,454,5.242
1008,234,445,5.576
1009,249,443,5.608
1010,255,455,6.122
1011,256,463,6.408
1012,255,453,6.149
1013,249,432,5.846
1014,234,437,5.417
1015,214,455,5.177
1016,199,462,5.247
1017,193,472,4.726
1018,192,490,4.767
1019,192,494,5.087
1020,193,493,5.509
1021,199,509,5.675
1022,214,531,6.133
1023,234,537,6.455
1024,249,546,7.365
1025,255,569,7.404
1026,256,580,7.561
1027,255,570,7.571
1028,249,552,7.515
1029,234,534,7.111
1030,214,507,7.37
1031,199,483,6.209
1032,193,469,5.508
1033,193,481,5.289
1034,199,516,5.256
1035,216,581,5.5
1036,249,695,6.157
1037,302,849,7.745
1038,376,1033,9.936
1039,464,1253,12.417
1040,556,1506,15.714
1041,654,1780,20.733
1042,771,2079,25.271
1043,907,2438,31.724
1044,1043,2856,39.109
1045,1170,3312,47.336
1046,1305,3790,55.798
1047,1462,4277,64.955
1048,1624,4722,74.454
1049,1767,5172,84.014
1050,1898,5689,93.059
1051,2043,6222,102.209
1052,2205,6731,112.93
1053,2365,7210,121.601
1054,2518,7739,131.227
1055,2674,8304,139.334
1056,2840,8744,150.837
1057,3020,9159,158.752
1058,3205,9540,165.305
1059,3368,9801,172.803
1060,3502,9941,177.736
1061,3633,10039,181.644
1062,3761,10069,219.463
1063,3841,9967,190.727
1064,3853,9787,196.654
1065,3829,9618,190.877
1066,3790,9306,186.379
1067,3713,8841,179.908
1068,3575,8416,172.973
1069,3390,8054,199.366
1070,3191,7670,150.925
1071,2994,7157,211.133
1072,2789,6717,128.463
1073,2573,6404,118.659
1074,2376,6070,110.533
1075,2223,5659,102.021
1076,2098,5318,94.03
1077,1980,5050,88.543
1078,1877,4779,82.377
1079,1801,4498,76.387
1080,1745,4270,72.01
1081,1693,4085,67.494
1082,1632,3901,68.113
1083,1561,3752,60.688
1084,1490,3673,58.573
1085,1425,3579,56.71
1086,1360,3494,54.463
1087,1282,3383,51.802
1088,1192,3269,49.899
1089,1109,3149,47.359
1090,1036,2993,44.24
1091,958,2838,49.621
1092,882,2730,39.63
1093,831,2699,39.607
1094,803,2689,38.581
1095,783,2622,39.212
1096,772,2567,39.741
1097,774,2579,39.661
1098,785,2634,40.319
1099,802,2660,75.14
1100,828,2643,42.259
1101,863,2664,43.985
1102,895,2708,44.51
1103,916,2740,46.207
1104,935,2785,47.554
1105,959,2811,48.441
1106,979,2795,49.464
1107,985,2806,50.216
1108,981,2890,50.94
1109,977,2976,51.696
1110,973,2998,626.516
1111,959,3003,54.239
1112,933,3037,53.047
1113,909,3062,52.868
1114,899,3050,53.642
1115,902,3038,52.482
1116,912,3054,52.437
1117,925,3115,53.317
1118,945,3241,54.711
1119,979,3391,56.585
1120,1023,3482,58.488
1121,1065,3546,59.377
1122,1098,3656,60.189
1123,1124,3791,61.035
1124,1148,3890,62.264
1125,1169,3986,614.083
1126,1178,4091,65.426
1127,1171,4147,64.528
1128,1159,4124,64.108
1129,1151,4068,62.95
1130,1140,4001,61.21
1131,1119,3884,59.756
1132,1093,3747,56.593
1133,1067,3636,54.631
1134,1039,3524,53.04
1135,1009,3363,50.36
1136,980,3186,47.514
1137,950,3038,45.708
1138,917,2865,43.257
1139,888,2686,1078.53
1140,868,2580,40.006
1141,846,2519,39.678
1142,811,2417,38.009
1143,776,2321,35.35
1144,760,2278,34.315
1145,755,2238,34.245
1146,739,2180,34.827
1147,709,2128,34.823
1148,678,2061,34.436
1149,650,1948,33.915
1150,616,1808,32.487
1151,569,1673,30.38
1152,512,1521,28.441
1153,454,1331,25.336
1154,399,1146,22.699
1155,341,1012,18.911
1156,279,909,16.473
1157,228,810,13.468
1158,201,738,10.985
1159,193,707,9.622
1160,192,691,9.436
1161,193,651,8.901
1162,199,617,8.664
1163,214,604,9.056
1164,234,594,9.394
1165,249,599,9.867
1166,255,619,9.688
1167,256,634,10.142
1168,255,626,10.27
1169,249,597,10.261
1170,234,586,9.587
1171,213,599,8.948
1172,192,607,8.744
1173,170,580,7.759
1174,144,526,6.949
1175,119,488,6.103
1176,103,491,5.068
1177,98,507,4.585
1178,103,497,4.585
1179,119,465,4.492
1180,144,445,4.608
1181,170,449,4.999
1182,192,468,5.484
1183,213,475,6.165
1184,234,465,6.497
1185,249,467,6.437
1186,255,478,6.577
1187,256,485,6.895
1188,255,479,6.84
1189,249,466,6.717
1190,234,467,6.542
1191,214,477,6.029
1192,199,479,5.521
1193,193,490,5.351
1194,192,513,5.374
1195,192,521,5.794
1196,193,514,6.228
1197,199,527,6.909
1198,214,553,7.688
1199,234,570,7.85
1200,249,592,8.17
1201,255,619,8.547
1202,256,624,9.088
1203,255,604,9.44
1204,249,580,8.789
1205,234,562,8.285
1206,214,534,7.745
1207,199,498,7.013
1208,193,471,6.226
1209,193,479,6.287
1210,199,512,5.9
1211,216,577,6.16
1212,249,706,6.884
1213,302,877,8.513
1214,376,1062,11.025
1215,464,1284,14.849
1216,555,1549,18.121
1217,647,1830,63.655
1218,746,2106,28.954
1219,846,2382,33.806
1220,929,2659,38.645
1221,992,2924,43.347
1222,1051,3167,47.768
1223,1115,3382,52.759
1224,1177,3615,57.486
1225,1230,3876,62.768
1226,1277,4123,70.277
1227,1330,4350,92.573
1228,1399,4598,79.128
1229,1473,4838,83.944
1230,1527,5011,88.145
1231,1557,5178,89.716
1232,1585,5379,90.89
1233,1618,5495,94.249
1234,1632,5442,96.783
1235,1611,5287,95.532
1236,1568,5113,91.616
1237,1519,4886,88.353
1238,1463,4592,83.82
1239,1389,4291,77.815
1240,1296,4006,71.169
1241,1204,3716,65.222
1242,1131,3430,59.101
1243,1067,3202,54.382
1244,998,3071,51.273
1245,937,2963,48.505
1246,899,2852,46.206
1247,874,2752,43.579
1248,846,2645,42.109
1249,811,2503,40.666
1250,773,2379,38.989
1251,737,2281,38.115
1252,703,2165,35.53
1253,665,2024,32.891
1254,618,1910,30.424
1255,565,1795,28.421
1256,512,1616,26.297
1257,456,1406,22.977
1258,390,1215,18.774
1259,321,1057,17.104
1260,263,926,12.667
1261,214,783,10.031
1262,166,649,8.005
1263,126,574,6.791
1264,104,572,5.528
1265,98,604,5.615
1266,103,624,6.288
1267,119,632,7.053
1268,144,677,8.225
1269,170,742,10.002
1270,192,782,11.27
1271,213,785,12.006
1272,234,773,12.469
1273,249,781,13.419
1274,255,822,13.501
1275,256,855,13.814
1276,255,845,14.605
1277,249,810,14.513
1278,234,791,13.032
1279,214,792,12.154
1280,199,793,12.004
1281,193,803,11.27
1282,192,820,10.805
1283,192,818,11.383
1284,193,804,12.577
1285,199,824,12.804
1286,214,877,13.356
1287,234,911,15.019
1288,249,928,16.022
1289,255,958,16.235
1290,256,957,17.191
1291,255,917,17.076
1292,249,886,16.585
1293,234,874,16.14
1294,214,835,14.454
1295,199,777,12.604
1296,193,737,12.155
1297,193,752,11.307
1298,199,819,11.254
1299,215,922,12.005
1300,242,1060,13.916
1301,278,1210,15.201
1302,321,1359,17.653
1303,368,1516,20.591
1304,416,1711,22.514
1305,465,1915,26.277
1306,518,2090,28.702
1307,575,2270,31.415
1308,626,2442,34.301
1309,660,2549,36.485
1310,683,2628,37.054
1311,709,2712,37.739
1312,732,2746,38.712
1313,732,2708,38.834
1314,708,2635,38.192
1315,678,2519,36.333
1316,650,2338,34.336
1317,616,2134,32.443
1318,569,1946,30.145
1319,512,1743,27.157
1320,454,1513,24.816
1321,399,1311,21.002
1322,341,1180,18.394
1323,279,1081,15.165
1324,228,963,12.827
1325,201,860,11.43
1326,193,821,9.683
1327,192,808,9.133
1328,193,774,9.214
1329,199,742,9.339
1330,214,736,9.964
1331,234,726,9.454
1332,249,733,9.769
1333,255,770,10.122
1334,256,797,11.035
1335,255,778,10.981
1336,249,738,10.308
1337,234,718,9.807
1338,213,708,9.477
1339,192,696,9.017
1340,170,660,7.413
1341,144,598,6.335
1342,119,548,5.297
1343,103,528,4.477
1344,98,531,4.042
1345,103,522,3.897
1346,119,497,4.433
1347,144,485,4.755
1348,170,496,5.046
1349,192,520,5.649
1350,213,536,6.078
1351,234,533,6.349
1352,249,532,6.676
1353,255,546,6.893
1354,256,554,7.779
1355,255,543,7.405
1356,249,525,7.066
1357,234,529,6.519
1358,214,543,6.153
1359,199,541,5.7
1360,193,546,5.547
1361,192,559,5.995
1362,192,561,5.79
1363,193,559,6.058
1364,199,579,6.401
1365,214,609,6.736
1366,234,624,7.254
1367,249,640,7.815
1368,255,670,8.545
1369,256,677,8.24
1370,255,659,8.233
1371,249,635,8.097
1372,234,615,7.61
1373,214,584,7.414
1374,199,551,6.665
1375,193,532,5.901
1376,193,544,5.486
1377,199,578,5.401
1378,216,650,5.744
1379,249,786,6.426
1380,302,978,8.123
1381,376,1201,10.629
1382,464,1467,13.245
1383,556,1783,16.887
1384,654,2129,22.395
1385,771,2519,27.461
1386,907,2981,34.85
1387,1043,3502,43.281
1388,1171,4066,52.419
1389,1312,4694,62.123
1390,1488,5405,73.126
1391,1691,6167,86.674
1392,1900,7003,100.716
1393,2121,7919,119.14
1394,2388,8911,136.795
1395,2720,9990,155.87
1396,3101,11186,181.039
1397,3512,12496,226.623
1398,3965,13887,306.012
1399,4493,15456,255.932
1400,5102,17164,288.697
1401,5751,18802,316.2
1402,6401,20361,353.181
1403,7063,21932,387.623
1404,7757,23447,1037.45
1405,8443,24728,453.358
1406,9049,25952,480.934
1407,9560,27168,509.455
1408,10020,28201,534.825
1409,10435,28930,556.606
1410,10758,29594,574.503
1411,10982,30362,1612.24
1412,11156,31013,599.35
1413,11313,31414,609.265
1414,11452,31900,611.868
1415,11572,32546,626.168
1416,11677,33161,627.619
1417,11781,33723,636.662
1418,11908,34248,640.882
1419,12049,34756,649.389
1420,12154,35005,811.011
1421,12193,34992,658.526
1422,12185,34814,1235.19
1423,12137,34380,650.913
1424,11993,33547,643.834
1425,11705,32449,622.32
1426,11310,31304,740.219
1427,10861,29962,574.56
1428,10357,28273,584.428
1429,9788,26692,513.917
1430,9173,25345,489.584
1431,8558,23960,456.053
1432,7996,22509,427.513
1433,7489,21327,394.933
1434,7007,20437,370.615
1435,6580,19679,349.775
1436,6250,18975,334.395
1437,5988,18369,318.255
1438,5766,17924,307.49
1439,5593,17591,300.789
1440,5459,17226,292.961
1441,5345,16991,289.765
1442,5246,16782,286.112
1443,5148,16431,278.434
1444,5027,16014,275.205
1445,4874,15690,267.478
1446,4706,15273,330.274
1447,4546,14738,253.262
1448,4379,14209,243.534
1449,4187,13682,237.562
1450,4007,13229,233.283
1451,3862,12854,227.223
1452,3733,12472,222.999
1453,3628,12194,220.139
1454,3569,12107,218.854
1455,3547,12096,217.041
1456,3549,12148,221.617
1457,3583,12265,222.9
1458,3654,12445,228.585
1459,3745,12720,232.569
1460,3834,13040,238.227
1461,3924,13327,246.861
1462,4027,13672,253.477
1463,4121,13987,258.711
1464,4178,14203,263.684
1465,4209,14463,268.511
1466,4234,14685,272.289
1467,4252,14798,274.859
1468,4254,14970,275.481
1469,4241,15200,275.571
1470,4232,15361,276.455
1471,4244,15476,426.834
1472,4275,15631,283.082
1473,4322,15869,280.813
1474,4390,16171,1360.7
1475,4479,16451,287.492
1476,4583,16647,292.802
1477,4697,16838,294.693
1478,4810,17021,298.785
1479,4907,17184,303.481
1480,4983,17361,304.5
1481,5045,17480,311.128
1482,5102,17508,309.995
1483,5143,17575,313.85
1484,5150,17670,316.934
1485,5137,17658,317.499
1486,5134,17614,318.822
1487,5142,17622,318.507
1488,5139,17648,322.519
1489,5123,17748,876.219
1490,5110,17851,326.316
1491,5098,17854,323.784
1492,5065,17812,321.868
1493,4994,17651,323.296
1494,4885,17394,316.968
1495,4749,17033,308.863
1496,4597,16479,300.978
1497,4434,15819,443.637
1498,4255,15193,590.528
1499,4054,14521,272.224
1500,3852,13716,258.915
1501,3676,13013,246.545
1502,3513,12418,235.003
1503,3341,11798,226.481
1504,3177,11254,217.556
1505,3049,10810,208.571
1506,2949,10356,202.053
1507,2841,9828,195.441
1508,2706,9329,186.614
1509,2560,8861,180.448
1510,2417,8330,325.501
1511,2268,7715,169.463
1512,2105,7178,153.22
1513,1934,6709,140.431
1514,1775,6216,129.595
1515,1646,5793,118.979
1516,1540,5459,108.716
1517,1449,5177,100.251
1518,1388,4947,93.581
1519,1364,4812,88.634
1520,1363,4747,85.11
1521,1375,4721,85.294
1522,1396,4712,81.771
1523,1423,4709,80.369
1524,1458,4731,79.803
1525,1500,4725,80.942
1526,1541,4685,81.405
1527,1567,4672,81.802
1528,1567,4638,81.473
1529,1549,4527,79.927
1530,1526,4402,77.343
1531,1496,4319,113.504
1532,1459,4257,72.085
1533,1427,4182,70.409
1534,1406,4066,70.603
1535,1398,3968,68.04
1536,1408,3960,66.805
1537,1435,4007,1221.41
1538,1473,4058,70.501
1539,1516,4089,70.344
1540,1564,4122,72.952
1541,1619,4178,73.868
1542,1667,4231,216.113
1543,1693,4284,77.495
1544,1707,4347,79.279
1545,1722,4350,80.34
1546,1730,4346,80.173
1547,1720,4403,80.18
1548,1697,4457,80.356
1549,1678,4484,80.716
1550,1678,4595,80.271
1551,1702,4799,82.291
1552,1756,5066,83.387
1553,1852,5433,88.135
1554,1991,5933,95.944
1555,2166,6513,105.109
1556,2375,7162,117.36
1557,2607,7854,129.594
1558,2846,8604,144.596
1559,3092,9410,160.922
1560,3347,10173,186.779
1561,3594,10820,192.024
1562,3805,11440,1269.44
1563,3965,12002,219.388
1564,4086,12391,230.034
1565,4186,12663,239.257
1566,4256,12916,246.013
1567,4286,13116,252.007
1568,4302,13231,1350.29
1569,4331,13342,256.356
1570,4378,13522,258.167
1571,4449,13797,257.526
1572,4553,14097,552.746
1573,4694,14416,269.196
1574,4879,14889,355.983
1575,5110,15409,293.352
1576,5363,15872,306.596
1577,5597,16416,319.946
1578,5791,16939,331.755
1579,5960,17263,341.52
1580,6101,17489,351.015
1581,6173,17594,358.001
1582,6168,17504,362.312
1583,6117,17301,360.316
1584,6031,16954,361.451
1585,5898,16542,354.085
1586,5711,16085,341.163
1587,5485,15528,328.277
1588,5260,14925,312.366
1589,5062,14339,297.317
1590,4876,13794,286.859
1591,4692,13324,272.098
1592,4527,12922,817.382
1593,4390,12470,250.452
1594,4275,11976,239.588
1595,4159,11512,228.081
1596,4016,11004,219.501
1597,3856,10464,211.62
1598,3697,9945,200.123
1599,3532,9451,190.355
1600,3349,8916,177.077
1601,3142,8412,168.51
1602,2921,7888,155.204
1603,2705,7342,140.842
1604,2485,6815,129.412
1605,2243,6321,117.66
1606,2007,5817,105.785
1607,1811,5287,93.957
1608,1636,4753,82.765
1609,1467,4269,73.369
1610,1320,3852,65.417
1611,1198,3543,57.71
1612,1100,3272,51.463
1613,1027,3022,46.575
1614,971,2813,42.749
1615,924,2630,39.499
1616,879,2462,37.378
1617,835,2312,35.209
1618,795,2157,33.582
1619,751,2020,31.427
1620,701,1903,29.437
1621,659,1780,27.946
1622,625,1656,26.255
1623,590,1551,24.374
1624,558,1485,23.403
1625,534,1455,22.327
1626,519,1424,22.163
1627,514,1408,21.201
1628,519,1431,21.516
1629,534,1499,21.631
1630,555,1563,23.368
1631,577,1599,24.313
1632,604,1632,26.893
1633,639,1665,28.574
1634,671,1699,29.477
1635,690,1748,30.758
1636,698,1779,31.379
1637,698,1767,31.995
1638,690,1749,32.742
1639,672,1752,31.882
1640,645,1753,31.148
1641,620,1738,31.309
1642,604,1716,31.334
1643,592,1694,30.781
1644,583,1699,30.304
1645,585,1745,30.04
1646,606,1816,29.749
1647,649,1926,31.495
1648,709,2060,33.859
1649,774,2206,36.658
1650,836,2350,39.699
1651,896,2471,41.897
1652,957,2558,43.982
1653,1022,2663,44.894
1654,1091,2808,46.948
1655,1159,2952,49.635
1656,1224,3083,52.577
1657,1290,3209,54.817
1658,1357,3353,57.574
1659,1414,3503,59.204
1660,1455,3636,59.689
1661,1488,3762,61.109
1662,1520,3844,62.677
1663,1550,3951,63.538
1664,1572,4034,65.326
1665,1580,4058,66.483
1666,1573,4037,66.709
1667,1554,3966,66.352
1668,1524,3838,65.018
1669,1477,3750,63.264
1670,1413,3695,60.82
1671,1352,3623,64.095
1672,1311,3581,57.373
1673,1281,3544,54.876
1674,1242,3449,53.496
1675,1189,3308,51.243
1676,1138,3159,48.889
1677,1099,3000,46.551
1678,1060,2821,44.339
1679,1011,2651,41.818
1680,955,2479,39.232
1681,897,2292,37.056
1682,840,2094,34.515
1683,779,1929,31.593
1684,710,1796,29.733
1685,648,1658,26.465
1686,605,1544,24.958
1687,570,1490,22.331
1688,533,1465,21.401
1689,499,1435,19.285
1690,477,1402,18.756
1691,473,1382,17.063
1692,486,1388,57.553
1693,508,1412,17.865
1694,532,1426,17.628
1695,554,1410,18.599
1696,572,1382,18.685
1697,587,1350,17.814
1698,595,1324,18.071
1699,593,1309,17.243
1700,588,1278,16.879
1701,581,1235,17.117
1702,568,1181,15.601
1703,551,1155,15.067
1704,533,1155,15.762
1705,519,1125,14.922
1706,514,1072,13.402
1707,519,1055,13.62
1708,534,1063,12.87
1709,555,1070,13.151
1710,577,1095,14.606
1711,604,1125,15.28
1712,639,1139,16.291
1713,671,1148,17.659
1714,690,1176,17.615
1715,698,1191,17.911
1716,698,1198,18.997
1717,690,1203,18.289
1718,672,1223,18.575
1719,645,1231,18.052
1720,620,1211,17.73
1721,604,1188,17.808
1722,592,1194,22.507
1723,583,1204,17.224
1724,585,1230,16.152
1725,607,1285,16.108
1726,656,1386,18.605
1727,733,1515,20.083
1728,830,1674,22.603
1729,938,1892,25.137
1730,1054,2148,29.559
1731,1183,2416,33.883
1732,1334,2728,38.913
1733,1504,3110,45.68
1734,1684,3547,53.349
1735,1880,4039,62.589
1736,2103,4585,73.148
1737,2348,5192,84.461
1738,2597,5806,96.787
1739,2841,6427,111.327
1740,3089,7047,124.993
1741,3346,7632,135.425
1742,3592,8215,147.864
1743,3805,8774,158.69
1744,3982,9272,169.659
1745,4123,9731,178.891
1746,4233,10117,185.807
1747,4318,10491,190.223
1748,4366,10787,193.625
1749,4374,10925,197.615
1750,4370,11055,202.263
1751,4370,11171,202.871
1752,4356,11231,202.848
1753,4319,11296,203.169
1754,4275,11384,203.9
1755,4243,11452,203.073
1756,4226,11433,204.249
1757,4201,11416,203.915
1758,4156,11436,205.863
1759,4113,11397,202.216
1760,4079,11331,201.431
1761,4041,11299,203.078
1762,3998,11302,199.4
1763,3949,11242,194.551
1764,3898,11051,195.67
1765,3859,10927,190.531
1766,3823,10857,189.421
1767,3766,10667,187.257
1768,3690,10446,183.316
1769,3610,10254,180.208
1770,3523,9952,178.365
1771,3413,9591,170.873
1772,3265,9212,164.927
1773,3088,8860,157.887
1774,2909,8485,148.736
1775,2732,8007,140.473
1776,2549,7553,133.042
1777,2366,7209,124.035
1778,2196,6817,114.973
1779,2052,6388,107.723
1780,1931,6058,99.661
1781,1819,5807,93.825
1782,1728,5545,88.018
1783,1674,5300,83.809
1784,1638,5096,80.179
1785,1604,4917,77.399
1786,1571,4784,75.116
1787,1536,4671,73.857
1788,1509,4564,71.958
1789,1493,4479,70.374
1790,1476,4396,68.997
1791,1455,4365,69.598
1792,1429,4343,80.801
1793,1399,4321,69.26
1794,1373,4315,69.468
1795,1347,4275,69.78
1796,1316,4204,68.978
1797,1292,4170,67.935
1798,1274,4131,68.165
1799,1248,4031,67.413
1800,1219,3955,66.878
1801,1194,3962,66.844
1802,1171,3962,67.698
1803,1155,3941,68.037
1804,1148,3942,69.031
1805,1147,3959,68.411
1806,1154,4026,69.278
1807,1172,4128,68.748
1808,1208,4230,69.625
1809,1267,4367,71.832
1810,1338,4557,76.354
1811,1407,4772,78.909
1812,1470,4992,82.872
1813,1522,5150,86.553
1814,1556,5204,88.359
1815,1571,5242,108.931
1816,1566,5275,87.648
1817,1545,5280,86.6
1818,1517,5255,86.048
1819,1478,5199,84.848
1820,1421,5110,83.154
1821,1353,4972,81.77
1822,1289,4804,76.963
1823,1238,4636,73.134
1824,1197,4479,70.543
1825,1162,4393,67.531
1826,1132,4378,65.982
1827,1103,4372,65.288
1828,1071,4293,64.14
1829,1032,4123,61.295
1830,981,3960,63.808
1831,919,3794,54.182
1832,854,3566,50.662
1833,794,3351,47.156
1834,737,3182,43.603
1835,677,2989,41.002
1836,621,2773,38.388
1837,578,2580,35.46
1838,546,2402,32.642
1839,524,2231,30.207
1840,513,2105,28.505
1841,507,2041,26.906
1842,499,1991,26.133
1843,486,1888,25.119
1844,467,1773,24.103
1845,443,1666,22.562
1846,418,1529,21.474
1847,402,1390,19.543
1848,401,1323,18.839
1849,403,1299,17.752
1850,393,1270,18.504
1851,374,1256,18.169
1852,359,1261,18.035
1853,352,1259,18.555
1854,346,1235,18.228
1855,335,1211,18.515
1856,319,1168,17.861
1857,298,1076,17.264
1858,270,951,16.359
1859,234,837,14.052
1860,193,720,11.907
1861,156,593,10.794
1862,129,482,8.697
1863,107,413,7.049
1864,86,372,5.692
1865,72,342,4.606
1866,72,333,3.683
1867,86,344,3.375
1868,106,365,4.015
1869,121,387,4.78
1870,127,407,5.23
1871,128,412,5.623
1872,128,404,5.438
1873,128,395,5.113
1874,128,393,5.092
1875,128,397,5.3
1876,127,390,5.411
1877,121,366,5.768
1878,106,353,4.919
1879,85,351,4.343
1880,65,348,4.056
1881,49,318,3.437
1882,38,263,2.859
1883,34,224,2.292
1884,38,223,1.933
1885,49,251,1.967
1886,65,277,2.293
1887,85,285,2.712
1888,106,281,3.032
1889,121,284,3.389
1890,127,304,3.958
1891,128,316,3.999
1892,128,316,3.951
1893,128,315,3.759
1894,128,314,3.639
1895,128,316,3.66
1896,127,313,3.758
1897,121,298,3.639
1898,106,282,3.3
1899,86,264,2.846
1900,72,255,2.411
1901,72,275,2.268
1902,86,310,2.616
1903,106,332,3.371
1904,121,347,4.159
1905,127,362,4.569
1906,128,364,4.946
1907,128,355,4.881
1908,128,358,4.648
1909,128,373,4.649
1910,128,376,4.743
1911,127,357,4.834
1912,121,328,4.751
1913,106,306,4.617
1914,86,280,4.019
1915,72,249,3.209
1916,72,233,2.558
1917,87,247,2.414
1918,113,293,2.757
1919,144,377,3.494
1920,177,508,4.697
1921,215,663,6.092
1922,263,821,7.929
1923,320,981,10.562
1924,378,1159,13.343
1925,432,1343,15.889
1926,483,1514,19.372
1927,526,1665,22.223
1928,551,1798,24.446
1929,560,1937,28.338
1930,568,2071,29.372
1931,589,2195,31.259
1932,626,2341,34.294
1933,670,2526,38.039
1934,709,2714,41.723
1935,741,2877,45.736
1936,773,2996,48.882
1937,803,3082,51.84
1938,818,3137,53.89
1939,816,3173,52.881
1940,812,3199,52.19
1941,815,3169,51.691
1942,814,3081,51.522
1943,795,2939,50.995
1944,756,2729,49.355
1945,704,2486,45.322
1946,649,2254,40.708
1947,594,2066,35.563
1948,540,1945,31.322
1949,500,1841,28.408
1950,482,1740,25.913
1951,473,1673,25.271
1952,458,1654,27.863
1953,437,1664,24.936
1954,417,1656,23.851
1955,401,1610,22.834
1956,388,1525,21.717
1957,374,1424,20.497
1958,356,1347,19.502
1959,336,1276,19.046
1960,315,1179,17.364
1961,291,1088,16.4
1962,262,1028,14.537
1963,229,949,12.908
1964,197,817,11.59
1965,165,653,9.926
1966,128,505,7.63
1967,92,401,5.515
1968,66,336,3.901
1969,49,285,2.865
1970,38,255,2.212
1971,34,254,2.036
1972,38,290,2.412
1973,49,351,3.208
1974,65,394,4.491
1975,85,415,5.3
1976,106,436,6.115
1977,121,469,6.69
1978,127,508,7.201
1979,128,525,7.59
1980,128,519,7.517
1981,128,506,8.082
1982,128,512,7.311
1983,128,528,7.521
1984,127,521,7.628
1985,121,492,7.473
1986,106,448,6.604
1987,86,406,5.963
1988,72,394,4.891
1989,72,423,4.431
1990,86,469,4.862
1991,106,501,6.091
1992,121,515,7.65
1993,127,531,8.563
1994,128,539,9.623
1995,128,530,9.373
1996,128,529,8.799
1997,128,548,8.575
1998,128,548,8.591
1999,127,516,8.99
2000,121,475,8.735
2001,106,438,7.997
2002,86,395,6.9
2003,72,360,5.49
2004,72,353,4.458
2005,87,397,4.452
2006,113,490,5.72
2007,143,621,7.27
2008,170,771,8.664
2009,191,889,10.278
2010,208,975,11.958
2011,225,1047,13.654
2012,246,1133,13.578
2013,274,1232,14.692
2014,310,1329,16.752
2015,350,1434,18.093
2016,380,1523,19.943
2017,386,1552,21.342
2018,373,1551,20.526
2019,359,1538,20.834
2020,352,1504,19.999
2021,346,1454,554.866
2022,335,1412,19.576
2023,319,1341,19.269
2024,298,1214,18.034
2025,270,1068,17.239
2026,234,941,14.233
2027,193,815,12.575
2028,156,669,10.599
2029,129,545,8.711
2030,107,474,6.821
2031,86,432,5.562
2032,72,404,4.453
2033,72,396,3.808
2034,86,413,3.733
2035,106,440,4.336
2036,121,469,5.287
2037,127,494,6.343
2038,128,506,6.348
2039,128,494,6.127
2040,128,483,5.871
2041,128,491,5.792
2042,128,498,5.912
2043,127,486,6.09
2044,121,458,6.185
2045,106,432,5.751
2046,85,407,4.781
2047,65,381,3.977
2048,49,338,3.35
2049,38,280,2.545
2050,34,243,1.97
2051,38,237,1.766
2052,49,264,1.781
2053,65,294,2.118
2054,85,313,2.593
2055,106,325,3.179
2056,121,339,3.722
2057,127,360,4.136
2058,128,371,4.892
2059,128,371,4.234
2060,128,362,4.099
2061,128,364,3.976
2062,128,373,4.073
2063,127,362,4.099
2064,121,339,3.851
2065,106,315,3.446
2066,86,296,3
2067,72,293,2.6
2068,72,315,2.39
2069,86,344,2.863
2070,106,362,3.548
2071,121,375,3.946
2072,127,396,4.378
2073,128,406,4.701
2074,128,394,4.734
2075,128,388,4.632
2076,128,399,4.544
2077,128,401,4.588
2078,127,388,4.645
2079,121,368,4.633
2080,106,346,4.54
2081,86,313,3.69
2082,72,279,2.889
2083,72,264,2.384
2084,87,286,2.438
2085,113,340,2.762
2086,144,431,3.508
2087,177,575,4.595
2088,215,744,6.006
2089,263,929,7.771
2090,320,1124,10.655
2091,379,1337,13.264
2092,439,1568,16.491
2093,508,1830,21.096
2094,587,2147,25.211
2095,664,2509,30.826
2096,732,2899,37.043
2097,804,3324,43.18
2098,901,3787,50.274
2099,1027,4294,58.253
2100,1168,4890,67.735
2101,1316,5542,79.864
2102,1480,6198,92.549
2103,1666,6861,103.613
2104,1860,7526,116.556
2105,2043,8175,128.952
2106,2214,8738,699.91
2107,2392,9280,150.06
2108,2587,9838,157.909
2109,2785,10362,168.296
2110,2978,10975,175.726
2111,3173,11643,187.419
2112,3372,12259,207.258
2113,3574,12840,213.902
2114,3775,13585,226.867
2115,3955,14362,238.763
2116,4102,14926,250.782
2117,4234,15334,259.967
2118,4352,15719,270.83
2119,4417,15946,281.508
2120,4410,15949,287.675
2121,4356,15757,284.803
2122,4271,15394,280.579
2123,4138,14751,270.2
2124,3947,14007,258.001
2125,3718,13265,242.66
2126,3480,12380,226.416
2127,3252,11413,209.577
2128,3032,10624,191.048
2129,2812,10013,176.814
2130,2611,9430,441.385
2131,2453,8842,153.746
2132,2327,8396,142.629
2133,2212,8093,134.561
2134,2116,7852,128.301
2135,2052,7652,125.14
2136,2009,7443,122.682
2137,1972,7242,119.309
2138,1929,7043,117.323
2139,1871,6898,115.041
2140,1804,6762,113.979
2141,1734,6555,112.599
2142,1657,6352,109.778
2143,1565,6143,103.958
2144,1458,5867,98.716
2145,1355,5550,92.334
2146,1265,5212,85.478
2147,1171,4884,78.464
2148,1073,4595,71.003
2149,997,4411,65.759
2150,950,4267,61.313
2151,924,4129,60.477
2152,924,4092,62.025
2153,951,4187,62.962
2154,992,4346,66.813
2155,1035,4505,70.72
2156,1077,4619,74.38
2157,1118,4699,77.729
2158,1151,4771,81.338
2159,1172,4767,84.017
2160,1191,4762,85.508
2161,1214,4835,86.592
2162,1228,4892,89.801
2163,1218,4917,90.995
2164,1188,4928,89.333
2165,1155,4882,86.469
2166,1131,4795,84.458
2167,1118,4785,81.577
2168,1118,4914,81.944
2169,1138,5136,83.251
2170,1175,5358,84.415
2171,1214,5532,86.068
2172,1246,5669,89.168
2173,1271,5773,91.589
2174,1296,5858,94.161
2175,1331,5965,97.148
2176,1374,6068,100.108
2177,1409,6141,102.439
2178,1420,6189,102.296
2179,1405,6165,101.824
2180,1377,6048,97.766
2181,1348,5881,92.957
2182,1322,5747,92.065
2183,1308,5700,89.77
2184,1320,5734,88.004
2185,1362,5862,86.899
2186,1423,6083,88.533
2187,1484,6311,92.475
2188,1535,6562,96.178
2189,1578,6821,100.158
2190,1615,7079,105.676
2191,1646,7238,109.266
2192,1668,7308,113.327
2193,1675,7376,115.67
2194,1662,7370,116.265
2195,1628,7192,116.374
2196,1576,6943,712.176
2197,1503,6632,116.218
2198,1408,6207,108.729
2199,1314,5783,103.363
2200,1242,5467,97.546
2201,1180,5193,94.736
2202,1109,4922,89.948
2203,1031,4661,84.475
2204,963,4427,79.696
2205,913,4176,76.71
2206,869,3869,73.898
2207,819,3580,70.812
2208,763,3282,66.356
2209,705,2946,61.808
2210,649,2668,54.649
2211,594,2501,48.689
2212,540,2360,44.705
2213,500,2194,41.229
2214,482,2056,37.617
2215,473,1962,35.312
2216,458,1891,34.786
2217,437,1858,33.353
2218,418,1855,31.449
2219,407,1830,30.753
2220,404,1802,30.069
2221,402,1772,29.269
2222,398,1762,29.375
2223,396,1771,29.09
2224,397,1734,28.455
2225,401,1698,28.219
2226,404,1692,27.086
2227,401,1676,27.688
2228,396,1655,26.662
2229,389,1603,24.885
2230,377,1530,23.335
2231,366,1486,20.975
2232,363,1472,20.057
2233,370,1467,19.311
2234,384,1443,19.572
2235,399,1413,19.864
2236,410,1395,19.374
2237,415,1410,20.299
2238,418,1463,19.653
2239,429,1521,20.882
2240,453,1560,21.203
2241,480,1575,23.013
2242,498,1587,24.341
2243,506,1611,25.46
2244,506,1607,25.507
2245,499,1605,25.796
2246,487,1647,24.642
2247,475,1705,25.338
2248,471,1743,24.803
2249,474,1735,25.496
2250,472,1713,25.194
2251,458,1709,25.067
2252,438,1694,65.398
2253,425,1693,24.696
2254,430,1703,23.818
2255,454,1703,24.076
2256,487,1730,24.952
2257,521,1810,26.36
2258,557,1936,28.256
2259,599,2112,29.803
2260,651,2329,33.153
2261,713,2582,36.892
2262,784,2856,40.359
2263,868,3160,44.829
2264,962,3480,50.422
2265,1049,3794,56.259
2266,1117,4083,61.054
2267,1172,4360,65.526
2268,1225,4646,69.71
2269,1283,4922,74.054
2270,1347,5178,79.167
2271,1408,5405,83.647
2272,1456,5643,88.213
2273,1489,5861,94.673
2274,1508,6018,98.507
2275,1510,6069,102.355
2276,1490,6086,103.301
2277,1452,6076,102.754
2278,1413,6025,101.719
2279,1382,5920,101.167
2280,1348,5747,101.038
2281,1306,5561,98.954
2282,1267,5390,96.249
2283,1242,5220,94.179
2284,1236,5125,92.191
2285,1242,5116,91.509
2286,1251,5141,91.372
2287,1269,5219,93.73
2288,1302,5276,94.611
2289,1340,5255,95.544
2290,1363,5215,95.421
2291,1361,5246,94.679
2292,1343,5270,94.548
2293,1316,5152,95.733
2294,1275,4927,94.019
2295,1214,4645,90.585
2296,1134,4332,84.65
2297,1045,3976,78.449
2298,956,3605,71.535
2299,866,3318,63.612
2300,773,3069,57.22
2301,689,2824,51.875
2302,627,2597,46.447
2303,576,2365,42.155
2304,522,2121,38.487
2305,472,1914,34.249
2306,434,1754,30.33
2307,407,1597,26.804
2308,389,1425,22.762
2309,374,1278,20.7
2310,356,1173,18.416
2311,336,1090,17.745
2312,315,1016,16.414
2313,291,946,14.402
2314,262,891,13.525
2315,229,835,12.276
2316,197,739,10.533
2317,165,598,8.849
2318,128,461,6.767
2319,92,368,5.339
2320,66,317,3.799
2321,49,274,2.759
2322,38,238,2.068
2323,34,236,1.886
2324,38,278,2.378
2325,49,338,3.136
2326,65,372,4.109
2327,85,375,4.855
2328,106,377,5.516
2329,121,392,6.05
2330,127,420,7
2331,128,429,7.219
2332,128,418,7.094
2333,128,411,6.772
2334,128,424,6.697
2335,128,442,6.74
2336,127,440,7.055
2337,121,415,7.264
2338,106,384,6.342
2339,86,357,5.313
2340,72,355,4.633
2341,72,392,4.272
2342,86,451,4.639
2343,106,489,5.952
2344,121,503,7.674
2345,127,516,8.825
2346,128,519,9.1
2347,128,507,8.792
2348,128,504,8.397
2349,128,522,8.238
2350,128,525,9.281
2351,127,499,8.816
2352,121,459,8.432
2353,106,421,7.706
2354,86,376,6.87
2355,72,340,5.589
2356,72,334,4.693
2357,87,375,4.416
2358,113,468,5.293
2359,143,595,6.782
2360,170,741,8.378
2361,191,856,10.115
2362,208,935,11.812
2363,225,1003,12.586
2364,246,1083,13.341
2365,274,1178,14.402
2366,310,1280,16.402
2367,350,1385,17.334
2368,380,1457,19.144
2369,386,1474,20.751
2370,373,1463,20.185
2371,359,1446,19.827
2372,352,1414,18.496
2373,346,1361,18.315
2374,335,1311,17.381
2375,319,1244,16.703
2376,298,1131,16.335
2377,270,993,13.99
2378,234,875,12.247
2379,193,761,11.374
2380,156,627,11.187
2381,129,511,9.349
2382,107,442,7.118
2383,86,399,5.128
2384,72,363,4.45
2385,72,345,3.8
2386,86,352,3.553
2387,106,370,3.961
2388,121,387,4.818
2389,127,403,5.266
2390,128,406,5.434
2391,128,394,5.213
2392,128,389,4.952
2393,128,393,5.008
2394,128,401,5.557
2395,127,395,5.597
2396,121,373,5.254
2397,106,359,4.72
2398,85,353,4.257
2399,65,348,3.572
2400,49,325,2.96
2401,38,271,2.382
2402,34,227,1.847
2403,38,217,1.617
2404,49,237,1.635
2405,65,264,2.009
2406,85,276,2.546
2407,106,276,3.219
2408,121,276,3.44
2409,127,289,3.694
2410,128,295,3.698
2411,128,291,3.697
2412,128,286,3.551
2413,128,292,3.508
2414,128,301,3.563
2415,127,296,3.646
2416,121,278,3.438
2417,106,263,3.119
2418,86,255,2.738
2419,72,259,2.396
2420,72,284,2.58
2421,86,321,2.675
2422,106,340,3.124
2423,121,349,3.633
2424,127,364,4.105
2425,128,370,4.302
2426,128,360,4.34
2427,128,357,4.198
2428,128,369,4.3
2429,128,372,4.34
2430,127,362,4.384
2431,121,340,4.41
2432,106,315,4.217
2433,86,281,3.432
2434,72,249,2.735
2435,72,236,2.289
2436,87,258,2.17
2437,113,310,2.473
2438,144,395,3.192
2439,177,529,4.233
2440,215,689,5.562
2441,263,862,7.159
2442,320,1042,9.543
2443,379,1239,12.399
2444,439,1457,14.901
2445,508,1704,19.062
2446,587,2004,24.334
2447,664,2342,29.394
2448,731,2707,35.513
2449,797,3072,42.552
2450,875,3411,49.202
2451,960,3709,56.016
2452,1036,3992,60.94
2453,1101,4336,66.631
2454,1168,4731,72.595
2455,1245,5121,79.23
2456,1329,5511,85.151
2457,1417,5919,91.572
2458,1506,6296,98.524
2459,1595,6541,106.078
2460,1691,6740,110.391
2461,1788,6935,114.115
2462,1862,7057,119.481
2463,1907,7097,120.56
2464,1942,7110,121.892
2465,1973,7026,122.82
2466,1979,6829,121.793
2467,1946,6583,121.233
2468,1887,6319,123.467
2469,1817,6007,121.325
2470,1734,5618,110.508
2471,1629,5262,99.923
2472,1503,4963,422.418
2473,1374,4619,87.534
2474,1260,4247,76.532
2475,1160,3971,69.612
2476,1070,3772,64.038
2477,1002,3580,60.367
2478,963,3375,56.422
2479,938,3198,54.807
2480,910,3055,51.298
2481,875,2914,47.467
2482,838,2786,44.436
2483,807,2669,41.775
2484,783,2540,39.491
2485,757,2439,36.595
2486,723,2375,35.422
2487,683,2346,34.454
2488,642,2263,34.223
2489,603,2157,32.431
2490,559,2050,30.145
2491,509,1937,28.579
2492,467,1843,26.412
2493,433,1733,24.98
2494,399,1608,23.764
2495,373,1549,22.194
2496,364,1572,22.666
2497,370,1610,23.991
2498,384,1623,25.661
2499,399,1632,26.715
2500,410,1655,27.483
2501,415,1682,27.567
2502,418,1692,28.056
2503,429,1700,28.167
2504,453,1734,28.145
2505,480,1788,29.763
2506,498,1844,31.343
2507,506,1896,33.306
2508,506,1916,34.579
2509,499,1893,34.878
2510,487,1888,33.812
2511,475,1937,33.344
2512,471,1995,33.859
2513,474,2025,34.359
2514,472,2040,35.23
2515,458,2040,35.742
2516,438,2027,36.756
2517,425,2005,35.945
2518,430,1991,34.423
2519,454,2020,33.582
2520,487,2119,34.049
2521,520,2282,36.239
2522,549,2447,38.289
2523,569,2539,40.496
2524,578,2576,41.105
2525,578,2629,40.669
2526,575,2701,39.87
2527,579,2749,39.857
2528,591,2806,39.863
2529,600,2876,40.261
2530,596,2897,41.096
2531,580,2856,41.028
2532,560,2764,39.832
2533,540,2630,38.554
2534,523,2498,37.096
2535,513,2387,34.679
2536,507,2325,32.638
2537,499,2286,31.679
2538,486,2197,30.968
2539,467,2088,28.824
2540,443,1985,27.456
2541,418,1852,25.537
2542,402,1719,23.658
2543,401,1656,21.907
2544,403,1625,21.513
2545,393,1588,21.36
2546,374,1565,21.409
2547,359,1560,20.513
2548,352,1544,21.763
2549,346,1498,21.603
2550,335,1452,22.519
2551,319,1392,21.712
2552,298,1279,21.521
2553,270,1131,19.992
2554,234,994,17.694
2555,193,854,14.847
2556,156,699,12.265
2557,129,569,10.696
2558,107,491,8.572
2559,86,437,6.884
2560,72,390,5.575
2561,72,367,4.537
2562,86,373,4.115
2563,106,398,4.734
2564,121,425,6.147
2565,127,445,6.7
2566,128,444,6.906
2567,128,427,6.582
2568,128,419,6.275
2569,128,428,6.185
2570,128,440,6.651
2571,127,432,7.275
2572,121,403,6.725
2573,106,386,5.91
2574,85,381,5.219
2575,65,377,4.64
2576,49,345,3.834
2577,38,285,2.995
2578,34,244,2.396
2579,38,245,2.04
2580,49,278,2.119
2581,65,309,2.673
2582,85,315,3.124
2583,106,312,3.466
2584,121,321,3.856
2585,127,347,4.263
2586,128,360,4.454
2587,128,354,4.566
2588,128,345,4.414
2589,128,345,4.217
2590,128,354,4.244
2591,127,357,4.375
2592,121,343,4.563
2593,106,322,4.041
2594,86,300,3.382
2595,72,292,2.892
2596,72,321,2.81
2597,86,372,3.011
2598,106,408,3.8
2599,121,428,4.686
2600,127,440,5.376
2601,128,439,5.64
2602,128,426,5.631
2603,128,426,5.684
2604,128,448,5.437
2605,128,458,5.541
2606,127,435,5.582
2607,121,396,5.384
2608,106,363,4.913
2609,86,321,4.156
2610,72,279,3.287
2611,72,264,2.559
2612,87,288,2.571
2613,113,349,3.062
2614,144,457,3.881
2615,177,621,5.058
2616,215,813,6.702
2617,263,1004,8.875
2618,320,1197,11.484
2619,378,1410,15.284
2620,432,1636,18.434
2621,483,1852,22.279
2622,526,2039,26.143
2623,551,2184,29.326
2624,560,2328,31.723
2625,568,2461,34.451
2626,589,2580,37.525
2627,626,2732,40.529
2628,670,2914,44.796
2629,709,3090,48.781
2630,741,3247,52.128
2631,773,3393,55.154
2632,803,3504,57.418
2633,818,3540,1163.22
2634,816,3550,59.633
2635,812,3573,58.309
2636,815,3545,56.49
2637,814,3440,56.173
2638,795,3276,54.874
2639,756,3052,52.467
2640,704,2781,49.35
2641,649,2508,45.187
2642,594,2291,39.741
2643,540,2151,34.757
2644,500,2037,31.931
2645,482,1937,30.287
2646,473,1877,29.718
2647,458,1864,29.23
2648,437,1864,29.301
2649,417,1850,28.706
2650,401,1792,27.909
2651,388,1694,26.434
2652,374,1583,24.295
2653,356,1507,23.989
2654,336,1437,22.329
2655,315,1333,21.851
2656,291,1225,19.407
2657,262,1154,17.917
2658,229,1059,15.63
2659,197,909,13.292
2660,165,726,11.197
2661,128,555,8.529
2662,92,434,5.974
2663,66,364,4.17
2664,49,308,3.098
2665,38,267,2.228
2666,34,262,2.089
2667,38,303,2.417
2668,49,370,3.242
2669,65,425,4.339
2670,85,461,5.773
2671,106,491,6.902
2672,121,528,7.75
2673,127,570,8.672
2674,128,587,8.889
2675,128,576,9.06
2676,128,556,9.599
2677,128,566,8.767
2678,128,593,8.852
2679,127,591,9.298
2680,121,564,9.169
2681,106,526,8.906
2682,86,490,7.375
2683,72,478,6.186
2684,72,501,5.692
2685,86,535,5.951
2686,106,557,6.884
2687,121,566,8.526
2688,127,583,9.47
2689,128,595,9.683
2690,128,587,9.697
2691,128,582,9.41
2692,128,598,9.701
2693,128,599,9.554
2694,127,568,9.707
2695,121,520,9.647
2696,106,469,8.808
2697,86,417,7.87
2698,72,379,5.734
2699,72,372,4.48
2700,87,421,4.662
2701,113,528,5.726
2702,143,677,7.522
2703,170,850,9.327
2704,191,995,12.391
2705,208,1092,13.152
2706,225,1167,14.147
2707,246,1268,15.756
2708,274,1383,16.898
2709,310,1509,17.965
2710,350,1642,20.901
2711,380,1722,21.904
2712,386,1735,23.334
2713,373,1719,22.402
2714,359,1695,21.903
2715,352,1648,20.48
2716,346,1573,20.395
2717,335,1503,19.401
2718,319,1424,18.242
2719,298,1302,18.056
2720,270,1150,15.665
2721,234,1006,13.98
2722,193,862,12.314
2723,156,707,9.885
2724,129,583,8.005
2725,107,519,6.744
2726,86,487,5.614
2727,72,466,5.108
2728,72,456,4.248
2729,86,467,4.324
2730,106,488,4.998
2731,121,511,5.838
2732,127,533,6.449
2733,128,541,6.535
2734,128,521,6.392
2735,128,507,6.622
2736,128,523,6.187
2737,128,539,6.328
2738,127,527,6.411
2739,121,493,6.202
2740,106,460,5.551
2741,85,427,4.807
2742,65,394,4.135
2743,49,351,3.306
2744,38,288,2.395
2745,34,242,1.811
2746,38,229,1.612
2747,49,258,1.692
2748,65,297,2.075
2749,85,320,2.709
2750,106,332,3.255
2751,121,348,3.827
2752,127,374,4.244
2753,128,387,4.374
2754,128,384,4.323
2755,128,371,4.22
2756,128,375,4.475
2757,128,389,4.446
2758,127,382,4.43
2759,121,364,4.185
2760,106,346,3.849
2761,86,334,3.382
2762,72,335,2.934
2763,72,353,2.755
2764,86,371,2.929
2765,106,381,3.363
2766,121,387,4.02
2767,127,400,4.41
2768,128,408,4.905
2769,128,402,4.642
2770,128,400,4.492
2771,128,413,4.52
2772,128,414,4.618
2773,127,393,4.641
2774,121,363,4.449
2775,106,335,4.052
2776,86,299,3.375
2777,72,265,2.668
2778,72,251,2.31
2779,87,276,2.301
2780,113,334,2.634
2781,144,429,3.412
2782,177,585,4.457
2783,215,775,5.928
2784,263,980,7.721
2785,320,1188,9.947
2786,379,1419,13.028
2787,439,1679,16.669
2788,508,1975,20.036
2789,587,2331,25.774
2790,664,2725,31.235
2791,732,3155,37.873
2792,804,3619,44.898
2793,901,4134,52.694
2794,1027,4700,66.056
2795,1168,5326,72.206
2796,1317,6038,84.42
2797,1487,6805,97.852
2798,1693,7622,112.241
2799,1933,8555,128.227
2800,2195,9565,144.378
2801,2479,10633,162.858
2802,2808,11852,181.178
2803,3203,13244,201.947
2804,3656,14759,226.872
2805,4149,16408,259.988
2806,unsolved
